peptide,protein,class,Sequence
Gen_084,Arnold_036,1,MKKTGFIGKTLALVIAAGMAGTAAFAAEEAKEKYLIGFNEQEAVSEFVEQVEANDEVAILSEEEEVEIELLHEFETIPVLSVELSPEDVDALELDPAISYIEEDAEVTTMAQSVPWGISRVQAPAAHNRGLTGSGVKVAVLDTGISTHPDLNIRGGASFVPGEPSTQDGNGHGTHVAGTIAALNNSIGVLGVAPNAELYAVKVLGASGSGSVSSIAQGLEWAGNNGMHVANLSLGSPSPSATLEQAVNSATSRGVLVVAASGNSGAGSISYPARYANAMAVGATDQNNNRASFSQYGAGLDIVAPGVNVQSTYPGSTYASLNGTSMATPHVAGAAALVKQKNPSWSNVQIRNHLKNTATSLGSTNLYGSGLVNAEAATR
Gen_086,Arnold_036,1,MKKLLILACLLISSLESAEEAKEKYLIGFNEQEAVSEFVEQVEANDEVAILSEEEEVEIELLHEFETIPVLSVELSPEDVDALELDPAISYIEEDAEVTTMAQSVPWGISRVQAPAAHNRGLTGSGVKVAVLDTGISTHPDLNIRGGASFVPGEPSTQDGNGHGTHVAGTIAALNNSIGVLGVAPNAELYAVKVLGASGSGSVSSIAQGLEWAGNNGMHVANLSLGSPSPSATLEQAVNSATSRGVLVVAASGNSGAGSISYPARYANAMAVGATDQNNNRASFSQYGAGLDIVAPGVNVQSTYPGSTYASLNGTSMATPHVAGAAALVKQKNPSWSNVQIRNHLKNTATSLGSTNLYGSGLVNAEAATR
Gen_087,Arnold_036,1,MTKFLLSLIFITIASALAAEEAKEKYLIGFNEQEAVSEFVEQVEANDEVAILSEEEEVEIELLHEFETIPVLSVELSPEDVDALELDPAISYIEEDAEVTTMAQSVPWGISRVQAPAAHNRGLTGSGVKVAVLDTGISTHPDLNIRGGASFVPGEPSTQDGNGHGTHVAGTIAALNNSIGVLGVAPNAELYAVKVLGASGSGSVSSIAQGLEWAGNNGMHVANLSLGSPSPSATLEQAVNSATSRGVLVVAASGNSGAGSISYPARYANAMAVGATDQNNNRASFSQYGAGLDIVAPGVNVQSTYPGSTYASLNGTSMATPHVAGAAALVKQKNPSWSNVQIRNHLKNTATSLGSTNLYGSGLVNAEAATR
Gen_037,Arnold_036,0,MKFSTILAAAILVGVRAAEEAKEKYLIGFNEQEAVSEFVEQVEANDEVAILSEEEEVEIELLHEFETIPVLSVELSPEDVDALELDPAISYIEEDAEVTTMAQSVPWGISRVQAPAAHNRGLTGSGVKVAVLDTGISTHPDLNIRGGASFVPGEPSTQDGNGHGTHVAGTIAALNNSIGVLGVAPNAELYAVKVLGASGSGSVSSIAQGLEWAGNNGMHVANLSLGSPSPSATLEQAVNSATSRGVLVVAASGNSGAGSISYPARYANAMAVGATDQNNNRASFSQYGAGLDIVAPGVNVQSTYPGSTYASLNGTSMATPHVAGAAALVKQKNPSWSNVQIRNHLKNTATSLGSTNLYGSGLVNAEAATR
Gen_040,Arnold_036,0,MKLKIVFAVAAIAPVLHSAEEAKEKYLIGFNEQEAVSEFVEQVEANDEVAILSEEEEVEIELLHEFETIPVLSVELSPEDVDALELDPAISYIEEDAEVTTMAQSVPWGISRVQAPAAHNRGLTGSGVKVAVLDTGISTHPDLNIRGGASFVPGEPSTQDGNGHGTHVAGTIAALNNSIGVLGVAPNAELYAVKVLGASGSGSVSSIAQGLEWAGNNGMHVANLSLGSPSPSATLEQAVNSATSRGVLVVAASGNSGAGSISYPARYANAMAVGATDQNNNRASFSQYGAGLDIVAPGVNVQSTYPGSTYASLNGTSMATPHVAGAAALVKQKNPSWSNVQIRNHLKNTATSLGSTNLYGSGLVNAEAATR
Gen_059,Arnold_036,0,MYSLIPSLAVLAALSFAVSAAEEAKEKYLIGFNEQEAVSEFVEQVEANDEVAILSEEEEVEIELLHEFETIPVLSVELSPEDVDALELDPAISYIEEDAEVTTMAQSVPWGISRVQAPAAHNRGLTGSGVKVAVLDTGISTHPDLNIRGGASFVPGEPSTQDGNGHGTHVAGTIAALNNSIGVLGVAPNAELYAVKVLGASGSGSVSSIAQGLEWAGNNGMHVANLSLGSPSPSATLEQAVNSATSRGVLVVAASGNSGAGSISYPARYANAMAVGATDQNNNRASFSQYGAGLDIVAPGVNVQSTYPGSTYASLNGTSMATPHVAGAAALVKQKNPSWSNVQIRNHLKNTATSLGSTNLYGSGLVNAEAATR
Gen_088,Arnold_036,0,MKKTILALALLGSLAAAEEAKEKYLIGFNEQEAVSEFVEQVEANDEVAILSEEEEVEIELLHEFETIPVLSVELSPEDVDALELDPAISYIEEDAEVTTMAQSVPWGISRVQAPAAHNRGLTGSGVKVAVLDTGISTHPDLNIRGGASFVPGEPSTQDGNGHGTHVAGTIAALNNSIGVLGVAPNAELYAVKVLGASGSGSVSSIAQGLEWAGNNGMHVANLSLGSPSPSATLEQAVNSATSRGVLVVAASGNSGAGSISYPARYANAMAVGATDQNNNRASFSQYGAGLDIVAPGVNVQSTYPGSTYASLNGTSMATPHVAGAAALVKQKNPSWSNVQIRNHLKNTATSLGSTNLYGSGLVNAEAATR
Gen_006,Arnold_001,1,MKFFNPFKVIALACISGALATAQAANLNGTLMQYFEWYMPNDGQHWKRLQNDSAYLAEHGITAVWIPPAYKGTSQADVGYGAYDLYDLGEFHQKGTVRTKYGTKGELQSAIKSLHSRDINVYGDVVINHKGGADATEDVTAVEVDPADRNRVISGEHLIKAWTHFHFPGRGSTYSDFKWHWYHFDGTDWDESRKLNRIYKFQGKAWDWEVSNENGNYDYLMYADIDYDHPDVAAEIKRWGTWYANELQLDGFRLDAVKHIKFSFLRDWVNHVREKTGKEMFTVAEYWQNDLGALENYLNKTNFNHSVFDVPLHYQFHAASTQGGGYDMRKLLNGTVVSKHPLKSVTFVDNHDTQPGQSLESTVQTWFKPLAYAFILTRESGYPQVFYGDMYGTKGDSQREIPALKHKIEPILKARKQYAYGAQHDYFDHHDIVGWTREGDSSVANSGLAALITDGPGGAKRMYVGRQNAGETWHDITGNRSEPVVINSEGWGEFHVNGGSVSIYVQR
Gen_078,Arnold_001,1,MKLKKLGVILAICLGISSTFAANLNGTLMQYFEWYMPNDGQHWKRLQNDSAYLAEHGITAVWIPPAYKGTSQADVGYGAYDLYDLGEFHQKGTVRTKYGTKGELQSAIKSLHSRDINVYGDVVINHKGGADATEDVTAVEVDPADRNRVISGEHLIKAWTHFHFPGRGSTYSDFKWHWYHFDGTDWDESRKLNRIYKFQGKAWDWEVSNENGNYDYLMYADIDYDHPDVAAEIKRWGTWYANELQLDGFRLDAVKHIKFSFLRDWVNHVREKTGKEMFTVAEYWQNDLGALENYLNKTNFNHSVFDVPLHYQFHAASTQGGGYDMRKLLNGTVVSKHPLKSVTFVDNHDTQPGQSLESTVQTWFKPLAYAFILTRESGYPQVFYGDMYGTKGDSQREIPALKHKIEPILKARKQYAYGAQHDYFDHHDIVGWTREGDSSVANSGLAALITDGPGGAKRMYVGRQNAGETWHDITGNRSEPVVINSEGWGEFHVNGGSVSIYVQR
Gen_080,Arnold_001,1,MIRLKRLLAGLLLPLFVTAFGANLNGTLMQYFEWYMPNDGQHWKRLQNDSAYLAEHGITAVWIPPAYKGTSQADVGYGAYDLYDLGEFHQKGTVRTKYGTKGELQSAIKSLHSRDINVYGDVVINHKGGADATEDVTAVEVDPADRNRVISGEHLIKAWTHFHFPGRGSTYSDFKWHWYHFDGTDWDESRKLNRIYKFQGKAWDWEVSNENGNYDYLMYADIDYDHPDVAAEIKRWGTWYANELQLDGFRLDAVKHIKFSFLRDWVNHVREKTGKEMFTVAEYWQNDLGALENYLNKTNFNHSVFDVPLHYQFHAASTQGGGYDMRKLLNGTVVSKHPLKSVTFVDNHDTQPGQSLESTVQTWFKPLAYAFILTRESGYPQVFYGDMYGTKGDSQREIPALKHKIEPILKARKQYAYGAQHDYFDHHDIVGWTREGDSSVANSGLAALITDGPGGAKRMYVGRQNAGETWHDITGNRSEPVVINSEGWGEFHVNGGSVSIYVQR
Gen_155,Arnold_001,1,MRRLFLLSSLASLSVASAANLNGTLMQYFEWYMPNDGQHWKRLQNDSAYLAEHGITAVWIPPAYKGTSQADVGYGAYDLYDLGEFHQKGTVRTKYGTKGELQSAIKSLHSRDINVYGDVVINHKGGADATEDVTAVEVDPADRNRVISGEHLIKAWTHFHFPGRGSTYSDFKWHWYHFDGTDWDESRKLNRIYKFQGKAWDWEVSNENGNYDYLMYADIDYDHPDVAAEIKRWGTWYANELQLDGFRLDAVKHIKFSFLRDWVNHVREKTGKEMFTVAEYWQNDLGALENYLNKTNFNHSVFDVPLHYQFHAASTQGGGYDMRKLLNGTVVSKHPLKSVTFVDNHDTQPGQSLESTVQTWFKPLAYAFILTRESGYPQVFYGDMYGTKGDSQREIPALKHKIEPILKARKQYAYGAQHDYFDHHDIVGWTREGDSSVANSGLAALITDGPGGAKRMYVGRQNAGETWHDITGNRSEPVVINSEGWGEFHVNGGSVSIYVQR
Gen_156,Arnold_001,1,MKCCRIMFVLLGLWFVFGLSVPGGRTEAANLNGTLMQYFEWYMPNDGQHWKRLQNDSAYLAEHGITAVWIPPAYKGTSQADVGYGAYDLYDLGEFHQKGTVRTKYGTKGELQSAIKSLHSRDINVYGDVVINHKGGADATEDVTAVEVDPADRNRVISGEHLIKAWTHFHFPGRGSTYSDFKWHWYHFDGTDWDESRKLNRIYKFQGKAWDWEVSNENGNYDYLMYADIDYDHPDVAAEIKRWGTWYANELQLDGFRLDAVKHIKFSFLRDWVNHVREKTGKEMFTVAEYWQNDLGALENYLNKTNFNHSVFDVPLHYQFHAASTQGGGYDMRKLLNGTVVSKHPLKSVTFVDNHDTQPGQSLESTVQTWFKPLAYAFILTRESGYPQVFYGDMYGTKGDSQREIPALKHKIEPILKARKQYAYGAQHDYFDHHDIVGWTREGDSSVANSGLAALITDGPGGAKRMYVGRQNAGETWHDITGNRSEPVVINSEGWGEFHVNGGSVSIYVQR
Gen_046,Arnold_001,0,MTSYEFLLVILGVLLSGAANLNGTLMQYFEWYMPNDGQHWKRLQNDSAYLAEHGITAVWIPPAYKGTSQADVGYGAYDLYDLGEFHQKGTVRTKYGTKGELQSAIKSLHSRDINVYGDVVINHKGGADATEDVTAVEVDPADRNRVISGEHLIKAWTHFHFPGRGSTYSDFKWHWYHFDGTDWDESRKLNRIYKFQGKAWDWEVSNENGNYDYLMYADIDYDHPDVAAEIKRWGTWYANELQLDGFRLDAVKHIKFSFLRDWVNHVREKTGKEMFTVAEYWQNDLGALENYLNKTNFNHSVFDVPLHYQFHAASTQGGGYDMRKLLNGTVVSKHPLKSVTFVDNHDTQPGQSLESTVQTWFKPLAYAFILTRESGYPQVFYGDMYGTKGDSQREIPALKHKIEPILKARKQYAYGAQHDYFDHHDIVGWTREGDSSVANSGLAALITDGPGGAKRMYVGRQNAGETWHDITGNRSEPVVINSEGWGEFHVNGGSVSIYVQR
Gen_047,Arnold_001,0,MPMTLLVLSLLATLFGSWVAANLNGTLMQYFEWYMPNDGQHWKRLQNDSAYLAEHGITAVWIPPAYKGTSQADVGYGAYDLYDLGEFHQKGTVRTKYGTKGELQSAIKSLHSRDINVYGDVVINHKGGADATEDVTAVEVDPADRNRVISGEHLIKAWTHFHFPGRGSTYSDFKWHWYHFDGTDWDESRKLNRIYKFQGKAWDWEVSNENGNYDYLMYADIDYDHPDVAAEIKRWGTWYANELQLDGFRLDAVKHIKFSFLRDWVNHVREKTGKEMFTVAEYWQNDLGALENYLNKTNFNHSVFDVPLHYQFHAASTQGGGYDMRKLLNGTVVSKHPLKSVTFVDNHDTQPGQSLESTVQTWFKPLAYAFILTRESGYPQVFYGDMYGTKGDSQREIPALKHKIEPILKARKQYAYGAQHDYFDHHDIVGWTREGDSSVANSGLAALITDGPGGAKRMYVGRQNAGETWHDITGNRSEPVVINSEGWGEFHVNGGSVSIYVQR
Gen_005,Arnold_001,0,MVATPFYLFLPWGVVAALVRSQAANLNGTLMQYFEWYMPNDGQHWKRLQNDSAYLAEHGITAVWIPPAYKGTSQADVGYGAYDLYDLGEFHQKGTVRTKYGTKGELQSAIKSLHSRDINVYGDVVINHKGGADATEDVTAVEVDPADRNRVISGEHLIKAWTHFHFPGRGSTYSDFKWHWYHFDGTDWDESRKLNRIYKFQGKAWDWEVSNENGNYDYLMYADIDYDHPDVAAEIKRWGTWYANELQLDGFRLDAVKHIKFSFLRDWVNHVREKTGKEMFTVAEYWQNDLGALENYLNKTNFNHSVFDVPLHYQFHAASTQGGGYDMRKLLNGTVVSKHPLKSVTFVDNHDTQPGQSLESTVQTWFKPLAYAFILTRESGYPQVFYGDMYGTKGDSQREIPALKHKIEPILKARKQYAYGAQHDYFDHHDIVGWTREGDSSVANSGLAALITDGPGGAKRMYVGRQNAGETWHDITGNRSEPVVINSEGWGEFHVNGGSVSIYVQR
Gen_007,Arnold_001,0,MKKVLLATAAATLSGLMAAHAANLNGTLMQYFEWYMPNDGQHWKRLQNDSAYLAEHGITAVWIPPAYKGTSQADVGYGAYDLYDLGEFHQKGTVRTKYGTKGELQSAIKSLHSRDINVYGDVVINHKGGADATEDVTAVEVDPADRNRVISGEHLIKAWTHFHFPGRGSTYSDFKWHWYHFDGTDWDESRKLNRIYKFQGKAWDWEVSNENGNYDYLMYADIDYDHPDVAAEIKRWGTWYANELQLDGFRLDAVKHIKFSFLRDWVNHVREKTGKEMFTVAEYWQNDLGALENYLNKTNFNHSVFDVPLHYQFHAASTQGGGYDMRKLLNGTVVSKHPLKSVTFVDNHDTQPGQSLESTVQTWFKPLAYAFILTRESGYPQVFYGDMYGTKGDSQREIPALKHKIEPILKARKQYAYGAQHDYFDHHDIVGWTREGDSSVANSGLAALITDGPGGAKRMYVGRQNAGETWHDITGNRSEPVVINSEGWGEFHVNGGSVSIYVQR
Gen_077,Arnold_001,0,MKLNKLLSIAAGCTVLGSTYALAANLNGTLMQYFEWYMPNDGQHWKRLQNDSAYLAEHGITAVWIPPAYKGTSQADVGYGAYDLYDLGEFHQKGTVRTKYGTKGELQSAIKSLHSRDINVYGDVVINHKGGADATEDVTAVEVDPADRNRVISGEHLIKAWTHFHFPGRGSTYSDFKWHWYHFDGTDWDESRKLNRIYKFQGKAWDWEVSNENGNYDYLMYADIDYDHPDVAAEIKRWGTWYANELQLDGFRLDAVKHIKFSFLRDWVNHVREKTGKEMFTVAEYWQNDLGALENYLNKTNFNHSVFDVPLHYQFHAASTQGGGYDMRKLLNGTVVSKHPLKSVTFVDNHDTQPGQSLESTVQTWFKPLAYAFILTRESGYPQVFYGDMYGTKGDSQREIPALKHKIEPILKARKQYAYGAQHDYFDHHDIVGWTREGDSSVANSGLAALITDGPGGAKRMYVGRQNAGETWHDITGNRSEPVVINSEGWGEFHVNGGSVSIYVQR
Gen_079,Arnold_001,0,MKKLLLAACVLFSLASVSAANLNGTLMQYFEWYMPNDGQHWKRLQNDSAYLAEHGITAVWIPPAYKGTSQADVGYGAYDLYDLGEFHQKGTVRTKYGTKGELQSAIKSLHSRDINVYGDVVINHKGGADATEDVTAVEVDPADRNRVISGEHLIKAWTHFHFPGRGSTYSDFKWHWYHFDGTDWDESRKLNRIYKFQGKAWDWEVSNENGNYDYLMYADIDYDHPDVAAEIKRWGTWYANELQLDGFRLDAVKHIKFSFLRDWVNHVREKTGKEMFTVAEYWQNDLGALENYLNKTNFNHSVFDVPLHYQFHAASTQGGGYDMRKLLNGTVVSKHPLKSVTFVDNHDTQPGQSLESTVQTWFKPLAYAFILTRESGYPQVFYGDMYGTKGDSQREIPALKHKIEPILKARKQYAYGAQHDYFDHHDIVGWTREGDSSVANSGLAALITDGPGGAKRMYVGRQNAGETWHDITGNRSEPVVINSEGWGEFHVNGGSVSIYVQR
Gen_154,Arnold_001,0,MNISIFVGKLALAALGSALVAANLNGTLMQYFEWYMPNDGQHWKRLQNDSAYLAEHGITAVWIPPAYKGTSQADVGYGAYDLYDLGEFHQKGTVRTKYGTKGELQSAIKSLHSRDINVYGDVVINHKGGADATEDVTAVEVDPADRNRVISGEHLIKAWTHFHFPGRGSTYSDFKWHWYHFDGTDWDESRKLNRIYKFQGKAWDWEVSNENGNYDYLMYADIDYDHPDVAAEIKRWGTWYANELQLDGFRLDAVKHIKFSFLRDWVNHVREKTGKEMFTVAEYWQNDLGALENYLNKTNFNHSVFDVPLHYQFHAASTQGGGYDMRKLLNGTVVSKHPLKSVTFVDNHDTQPGQSLESTVQTWFKPLAYAFILTRESGYPQVFYGDMYGTKGDSQREIPALKHKIEPILKARKQYAYGAQHDYFDHHDIVGWTREGDSSVANSGLAALITDGPGGAKRMYVGRQNAGETWHDITGNRSEPVVINSEGWGEFHVNGGSVSIYVQR
Gen_045,Arnold_004,1,MGFRLKALLVGCLIFLAVSSAIAETANKSNELTAPSIKSGTILHAWNWSFNTLKLNMKDIHDAGYTAIQTSPINQVKEGNQGDKSMSNWYWLYQPTSYQIGNRYLGTEQEFKEMCAAAEEYGIKVIVDAVINHTTSDYAAISNEVKSIPNWTHGNTQIKNWSDRWDVTQNSLLGLYDWNTQNTQVQSYLKRFLERALNDGADGFRFDAAKHIELPDDGSYGSQFWPNITNTSAEFQYGEILQDSASRDAAYANYMDVTASNYGHSIRSALKNRNLGVSNISHYASDVSADKLVTWVESHDTYANDDEESTWMSDDDIRLGWAVIASRSGSTPLFFSRPEGGGNGVRFPGKSQIGDRGSALFEDQAITAVNRFHNVMAGQHEELSNPNGNNQIFMNQRGSHGVVLANAGSSSVSINTATKLPDGRYDNKAGAGSFQVNDGKLTGTINARSVAVLYPDDIEIRCNTFFQ
Gen_051,Arnold_004,1,MNKKFKTIMALAIATLSAAGVGVAHAETANKSNELTAPSIKSGTILHAWNWSFNTLKLNMKDIHDAGYTAIQTSPINQVKEGNQGDKSMSNWYWLYQPTSYQIGNRYLGTEQEFKEMCAAAEEYGIKVIVDAVINHTTSDYAAISNEVKSIPNWTHGNTQIKNWSDRWDVTQNSLLGLYDWNTQNTQVQSYLKRFLERALNDGADGFRFDAAKHIELPDDGSYGSQFWPNITNTSAEFQYGEILQDSASRDAAYANYMDVTASNYGHSIRSALKNRNLGVSNISHYASDVSADKLVTWVESHDTYANDDEESTWMSDDDIRLGWAVIASRSGSTPLFFSRPEGGGNGVRFPGKSQIGDRGSALFEDQAITAVNRFHNVMAGQHEELSNPNGNNQIFMNQRGSHGVVLANAGSSSVSINTATKLPDGRYDNKAGAGSFQVNDGKLTGTINARSVAVLYPDDIEIRCNTFFQ
Gen_059,Arnold_004,1,MYSLIPSLAVLAALSFAVSAETANKSNELTAPSIKSGTILHAWNWSFNTLKLNMKDIHDAGYTAIQTSPINQVKEGNQGDKSMSNWYWLYQPTSYQIGNRYLGTEQEFKEMCAAAEEYGIKVIVDAVINHTTSDYAAISNEVKSIPNWTHGNTQIKNWSDRWDVTQNSLLGLYDWNTQNTQVQSYLKRFLERALNDGADGFRFDAAKHIELPDDGSYGSQFWPNITNTSAEFQYGEILQDSASRDAAYANYMDVTASNYGHSIRSALKNRNLGVSNISHYASDVSADKLVTWVESHDTYANDDEESTWMSDDDIRLGWAVIASRSGSTPLFFSRPEGGGNGVRFPGKSQIGDRGSALFEDQAITAVNRFHNVMAGQHEELSNPNGNNQIFMNQRGSHGVVLANAGSSSVSINTATKLPDGRYDNKAGAGSFQVNDGKLTGTINARSVAVLYPDDIEIRCNTFFQ
Gen_071,Arnold_004,1,MTKLLAVIAASLMFAASTFAETANKSNELTAPSIKSGTILHAWNWSFNTLKLNMKDIHDAGYTAIQTSPINQVKEGNQGDKSMSNWYWLYQPTSYQIGNRYLGTEQEFKEMCAAAEEYGIKVIVDAVINHTTSDYAAISNEVKSIPNWTHGNTQIKNWSDRWDVTQNSLLGLYDWNTQNTQVQSYLKRFLERALNDGADGFRFDAAKHIELPDDGSYGSQFWPNITNTSAEFQYGEILQDSASRDAAYANYMDVTASNYGHSIRSALKNRNLGVSNISHYASDVSADKLVTWVESHDTYANDDEESTWMSDDDIRLGWAVIASRSGSTPLFFSRPEGGGNGVRFPGKSQIGDRGSALFEDQAITAVNRFHNVMAGQHEELSNPNGNNQIFMNQRGSHGVVLANAGSSSVSINTATKLPDGRYDNKAGAGSFQVNDGKLTGTINARSVAVLYPDDIEIRCNTFFQ
Gen_072,Arnold_004,1,MVSNKRVLALSALFGCCSLASAETANKSNELTAPSIKSGTILHAWNWSFNTLKLNMKDIHDAGYTAIQTSPINQVKEGNQGDKSMSNWYWLYQPTSYQIGNRYLGTEQEFKEMCAAAEEYGIKVIVDAVINHTTSDYAAISNEVKSIPNWTHGNTQIKNWSDRWDVTQNSLLGLYDWNTQNTQVQSYLKRFLERALNDGADGFRFDAAKHIELPDDGSYGSQFWPNITNTSAEFQYGEILQDSASRDAAYANYMDVTASNYGHSIRSALKNRNLGVSNISHYASDVSADKLVTWVESHDTYANDDEESTWMSDDDIRLGWAVIASRSGSTPLFFSRPEGGGNGVRFPGKSQIGDRGSALFEDQAITAVNRFHNVMAGQHEELSNPNGNNQIFMNQRGSHGVVLANAGSSSVSINTATKLPDGRYDNKAGAGSFQVNDGKLTGTINARSVAVLYPDDIEIRCNTFFQ
Gen_019,Arnold_004,1,MSNKPAKCLAVLAAIATLSATQAETANKSNELTAPSIKSGTILHAWNWSFNTLKLNMKDIHDAGYTAIQTSPINQVKEGNQGDKSMSNWYWLYQPTSYQIGNRYLGTEQEFKEMCAAAEEYGIKVIVDAVINHTTSDYAAISNEVKSIPNWTHGNTQIKNWSDRWDVTQNSLLGLYDWNTQNTQVQSYLKRFLERALNDGADGFRFDAAKHIELPDDGSYGSQFWPNITNTSAEFQYGEILQDSASRDAAYANYMDVTASNYGHSIRSALKNRNLGVSNISHYASDVSADKLVTWVESHDTYANDDEESTWMSDDDIRLGWAVIASRSGSTPLFFSRPEGGGNGVRFPGKSQIGDRGSALFEDQAITAVNRFHNVMAGQHEELSNPNGNNQIFMNQRGSHGVVLANAGSSSVSINTATKLPDGRYDNKAGAGSFQVNDGKLTGTINARSVAVLYPDDIEIRCNTFFQ
Gen_020,Arnold_004,1,MKMRTGKKGFLSILLAFLLVITSIPFTLVDVEAETANKSNELTAPSIKSGTILHAWNWSFNTLKLNMKDIHDAGYTAIQTSPINQVKEGNQGDKSMSNWYWLYQPTSYQIGNRYLGTEQEFKEMCAAAEEYGIKVIVDAVINHTTSDYAAISNEVKSIPNWTHGNTQIKNWSDRWDVTQNSLLGLYDWNTQNTQVQSYLKRFLERALNDGADGFRFDAAKHIELPDDGSYGSQFWPNITNTSAEFQYGEILQDSASRDAAYANYMDVTASNYGHSIRSALKNRNLGVSNISHYASDVSADKLVTWVESHDTYANDDEESTWMSDDDIRLGWAVIASRSGSTPLFFSRPEGGGNGVRFPGKSQIGDRGSALFEDQAITAVNRFHNVMAGQHEELSNPNGNNQIFMNQRGSHGVVLANAGSSSVSINTATKLPDGRYDNKAGAGSFQVNDGKLTGTINARSVAVLYPDDIEIRCNTFFQ
Gen_057,Arnold_004,0,MMAAVVRAVAATLILILCGAELAETANKSNELTAPSIKSGTILHAWNWSFNTLKLNMKDIHDAGYTAIQTSPINQVKEGNQGDKSMSNWYWLYQPTSYQIGNRYLGTEQEFKEMCAAAEEYGIKVIVDAVINHTTSDYAAISNEVKSIPNWTHGNTQIKNWSDRWDVTQNSLLGLYDWNTQNTQVQSYLKRFLERALNDGADGFRFDAAKHIELPDDGSYGSQFWPNITNTSAEFQYGEILQDSASRDAAYANYMDVTASNYGHSIRSALKNRNLGVSNISHYASDVSADKLVTWVESHDTYANDDEESTWMSDDDIRLGWAVIASRSGSTPLFFSRPEGGGNGVRFPGKSQIGDRGSALFEDQAITAVNRFHNVMAGQHEELSNPNGNNQIFMNQRGSHGVVLANAGSSSVSINTATKLPDGRYDNKAGAGSFQVNDGKLTGTINARSVAVLYPDDIEIRCNTFFQ
Gen_058,Arnold_004,0,MLPTAAFLSVNLLLTGAFFGCAETANKSNELTAPSIKSGTILHAWNWSFNTLKLNMKDIHDAGYTAIQTSPINQVKEGNQGDKSMSNWYWLYQPTSYQIGNRYLGTEQEFKEMCAAAEEYGIKVIVDAVINHTTSDYAAISNEVKSIPNWTHGNTQIKNWSDRWDVTQNSLLGLYDWNTQNTQVQSYLKRFLERALNDGADGFRFDAAKHIELPDDGSYGSQFWPNITNTSAEFQYGEILQDSASRDAAYANYMDVTASNYGHSIRSALKNRNLGVSNISHYASDVSADKLVTWVESHDTYANDDEESTWMSDDDIRLGWAVIASRSGSTPLFFSRPEGGGNGVRFPGKSQIGDRGSALFEDQAITAVNRFHNVMAGQHEELSNPNGNNQIFMNQRGSHGVVLANAGSSSVSINTATKLPDGRYDNKAGAGSFQVNDGKLTGTINARSVAVLYPDDIEIRCNTFFQ
Gen_060,Arnold_004,0,MFKFVLVLSVLAALASARAETANKSNELTAPSIKSGTILHAWNWSFNTLKLNMKDIHDAGYTAIQTSPINQVKEGNQGDKSMSNWYWLYQPTSYQIGNRYLGTEQEFKEMCAAAEEYGIKVIVDAVINHTTSDYAAISNEVKSIPNWTHGNTQIKNWSDRWDVTQNSLLGLYDWNTQNTQVQSYLKRFLERALNDGADGFRFDAAKHIELPDDGSYGSQFWPNITNTSAEFQYGEILQDSASRDAAYANYMDVTASNYGHSIRSALKNRNLGVSNISHYASDVSADKLVTWVESHDTYANDDEESTWMSDDDIRLGWAVIASRSGSTPLFFSRPEGGGNGVRFPGKSQIGDRGSALFEDQAITAVNRFHNVMAGQHEELSNPNGNNQIFMNQRGSHGVVLANAGSSSVSINTATKLPDGRYDNKAGAGSFQVNDGKLTGTINARSVAVLYPDDIEIRCNTFFQ
Gen_069,Arnold_004,0,MTRPAPAFRLSLVILCLAIPAADAETANKSNELTAPSIKSGTILHAWNWSFNTLKLNMKDIHDAGYTAIQTSPINQVKEGNQGDKSMSNWYWLYQPTSYQIGNRYLGTEQEFKEMCAAAEEYGIKVIVDAVINHTTSDYAAISNEVKSIPNWTHGNTQIKNWSDRWDVTQNSLLGLYDWNTQNTQVQSYLKRFLERALNDGADGFRFDAAKHIELPDDGSYGSQFWPNITNTSAEFQYGEILQDSASRDAAYANYMDVTASNYGHSIRSALKNRNLGVSNISHYASDVSADKLVTWVESHDTYANDDEESTWMSDDDIRLGWAVIASRSGSTPLFFSRPEGGGNGVRFPGKSQIGDRGSALFEDQAITAVNRFHNVMAGQHEELSNPNGNNQIFMNQRGSHGVVLANAGSSSVSINTATKLPDGRYDNKAGAGSFQVNDGKLTGTINARSVAVLYPDDIEIRCNTFFQ
Gen_070,Arnold_004,0,MVTMKLRLIALAVCLCTFINASFAETANKSNELTAPSIKSGTILHAWNWSFNTLKLNMKDIHDAGYTAIQTSPINQVKEGNQGDKSMSNWYWLYQPTSYQIGNRYLGTEQEFKEMCAAAEEYGIKVIVDAVINHTTSDYAAISNEVKSIPNWTHGNTQIKNWSDRWDVTQNSLLGLYDWNTQNTQVQSYLKRFLERALNDGADGFRFDAAKHIELPDDGSYGSQFWPNITNTSAEFQYGEILQDSASRDAAYANYMDVTASNYGHSIRSALKNRNLGVSNISHYASDVSADKLVTWVESHDTYANDDEESTWMSDDDIRLGWAVIASRSGSTPLFFSRPEGGGNGVRFPGKSQIGDRGSALFEDQAITAVNRFHNVMAGQHEELSNPNGNNQIFMNQRGSHGVVLANAGSSSVSINTATKLPDGRYDNKAGAGSFQVNDGKLTGTINARSVAVLYPDDIEIRCNTFFQ
Gen_076,Arnold_004,0,MKNFATLSAVLAGATALAETANKSNELTAPSIKSGTILHAWNWSFNTLKLNMKDIHDAGYTAIQTSPINQVKEGNQGDKSMSNWYWLYQPTSYQIGNRYLGTEQEFKEMCAAAEEYGIKVIVDAVINHTTSDYAAISNEVKSIPNWTHGNTQIKNWSDRWDVTQNSLLGLYDWNTQNTQVQSYLKRFLERALNDGADGFRFDAAKHIELPDDGSYGSQFWPNITNTSAEFQYGEILQDSASRDAAYANYMDVTASNYGHSIRSALKNRNLGVSNISHYASDVSADKLVTWVESHDTYANDDEESTWMSDDDIRLGWAVIASRSGSTPLFFSRPEGGGNGVRFPGKSQIGDRGSALFEDQAITAVNRFHNVMAGQHEELSNPNGNNQIFMNQRGSHGVVLANAGSSSVSINTATKLPDGRYDNKAGAGSFQVNDGKLTGTINARSVAVLYPDDIEIRCNTFFQ
Gen_017,Arnold_004,0,MLLPAFMLLILPAALAETANKSNELTAPSIKSGTILHAWNWSFNTLKLNMKDIHDAGYTAIQTSPINQVKEGNQGDKSMSNWYWLYQPTSYQIGNRYLGTEQEFKEMCAAAEEYGIKVIVDAVINHTTSDYAAISNEVKSIPNWTHGNTQIKNWSDRWDVTQNSLLGLYDWNTQNTQVQSYLKRFLERALNDGADGFRFDAAKHIELPDDGSYGSQFWPNITNTSAEFQYGEILQDSASRDAAYANYMDVTASNYGHSIRSALKNRNLGVSNISHYASDVSADKLVTWVESHDTYANDDEESTWMSDDDIRLGWAVIASRSGSTPLFFSRPEGGGNGVRFPGKSQIGDRGSALFEDQAITAVNRFHNVMAGQHEELSNPNGNNQIFMNQRGSHGVVLANAGSSSVSINTATKLPDGRYDNKAGAGSFQVNDGKLTGTINARSVAVLYPDDIEIRCNTFFQ
Gen_046,Arnold_002,1,MTSYEFLLVILGVLLSGADGLNGTMMQYYEWHLENDGQHWNRLHDDAAALSDAGITAIWIPPAYKGNSQADVGYGAYDLYDLGEFNQKGTVRTKYGTKAQLERAIGSLKSNDINVYGDVVMNHKMGADFTEAVQAVQVNPTNRWQDISGAYTIDAWTGFDFSGRNNAYSDFKWRWFHFNGVDWDQRYQENHIFRFANTNWNWRVDEENGNYDYLLGSNIDFSHPEVQDELKDWGSWFTDELDLDGYRLDAIKHIPFWYTSDWVRHQRNEADQDLFVVGEYWKDDVGALEFYLDEMNWEMSLFDVPLNYNFYRASQQGGSYDMRNILRGSLVEAHPMHAVTFVDNHDTQPGESLESWVADWFKPLAYATILTREGGYPNVFYGDYYGIPNDNISAKKDMIDELLDARQNYAYGTQHDYFDHWDVVGWTREGSSSRPNSGLATIMSNGPGGSKWMYVGRQNAGQTWTDLTGNNGASVTINGDGWGEFFTNGGSVSVYVNQ
Gen_048,Arnold_002,1,MNIRLGALLAGLLLSAMASAVFADGLNGTMMQYYEWHLENDGQHWNRLHDDAAALSDAGITAIWIPPAYKGNSQADVGYGAYDLYDLGEFNQKGTVRTKYGTKAQLERAIGSLKSNDINVYGDVVMNHKMGADFTEAVQAVQVNPTNRWQDISGAYTIDAWTGFDFSGRNNAYSDFKWRWFHFNGVDWDQRYQENHIFRFANTNWNWRVDEENGNYDYLLGSNIDFSHPEVQDELKDWGSWFTDELDLDGYRLDAIKHIPFWYTSDWVRHQRNEADQDLFVVGEYWKDDVGALEFYLDEMNWEMSLFDVPLNYNFYRASQQGGSYDMRNILRGSLVEAHPMHAVTFVDNHDTQPGESLESWVADWFKPLAYATILTREGGYPNVFYGDYYGIPNDNISAKKDMIDELLDARQNYAYGTQHDYFDHWDVVGWTREGSSSRPNSGLATIMSNGPGGSKWMYVGRQNAGQTWTDLTGNNGASVTINGDGWGEFFTNGGSVSVYVNQ
Gen_073,Arnold_002,1,MVSFKSALFAAAAVATVADADGLNGTMMQYYEWHLENDGQHWNRLHDDAAALSDAGITAIWIPPAYKGNSQADVGYGAYDLYDLGEFNQKGTVRTKYGTKAQLERAIGSLKSNDINVYGDVVMNHKMGADFTEAVQAVQVNPTNRWQDISGAYTIDAWTGFDFSGRNNAYSDFKWRWFHFNGVDWDQRYQENHIFRFANTNWNWRVDEENGNYDYLLGSNIDFSHPEVQDELKDWGSWFTDELDLDGYRLDAIKHIPFWYTSDWVRHQRNEADQDLFVVGEYWKDDVGALEFYLDEMNWEMSLFDVPLNYNFYRASQQGGSYDMRNILRGSLVEAHPMHAVTFVDNHDTQPGESLESWVADWFKPLAYATILTREGGYPNVFYGDYYGIPNDNISAKKDMIDELLDARQNYAYGTQHDYFDHWDVVGWTREGSSSRPNSGLATIMSNGPGGSKWMYVGRQNAGQTWTDLTGNNGASVTINGDGWGEFFTNGGSVSVYVNQ
Gen_074,Arnold_002,1,MQKKTAIAIAAGTAIATVAAGTQADGLNGTMMQYYEWHLENDGQHWNRLHDDAAALSDAGITAIWIPPAYKGNSQADVGYGAYDLYDLGEFNQKGTVRTKYGTKAQLERAIGSLKSNDINVYGDVVMNHKMGADFTEAVQAVQVNPTNRWQDISGAYTIDAWTGFDFSGRNNAYSDFKWRWFHFNGVDWDQRYQENHIFRFANTNWNWRVDEENGNYDYLLGSNIDFSHPEVQDELKDWGSWFTDELDLDGYRLDAIKHIPFWYTSDWVRHQRNEADQDLFVVGEYWKDDVGALEFYLDEMNWEMSLFDVPLNYNFYRASQQGGSYDMRNILRGSLVEAHPMHAVTFVDNHDTQPGESLESWVADWFKPLAYATILTREGGYPNVFYGDYYGIPNDNISAKKDMIDELLDARQNYAYGTQHDYFDHWDVVGWTREGSSSRPNSGLATIMSNGPGGSKWMYVGRQNAGQTWTDLTGNNGASVTINGDGWGEFFTNGGSVSVYVNQ
Gen_075,Arnold_002,1,MVSFSSLLAAASLAVVNADGLNGTMMQYYEWHLENDGQHWNRLHDDAAALSDAGITAIWIPPAYKGNSQADVGYGAYDLYDLGEFNQKGTVRTKYGTKAQLERAIGSLKSNDINVYGDVVMNHKMGADFTEAVQAVQVNPTNRWQDISGAYTIDAWTGFDFSGRNNAYSDFKWRWFHFNGVDWDQRYQENHIFRFANTNWNWRVDEENGNYDYLLGSNIDFSHPEVQDELKDWGSWFTDELDLDGYRLDAIKHIPFWYTSDWVRHQRNEADQDLFVVGEYWKDDVGALEFYLDEMNWEMSLFDVPLNYNFYRASQQGGSYDMRNILRGSLVEAHPMHAVTFVDNHDTQPGESLESWVADWFKPLAYATILTREGGYPNVFYGDYYGIPNDNISAKKDMIDELLDARQNYAYGTQHDYFDHWDVVGWTREGSSSRPNSGLATIMSNGPGGSKWMYVGRQNAGQTWTDLTGNNGASVTINGDGWGEFFTNGGSVSVYVNQ
Gen_076,Arnold_002,1,MKNFATLSAVLAGATALADGLNGTMMQYYEWHLENDGQHWNRLHDDAAALSDAGITAIWIPPAYKGNSQADVGYGAYDLYDLGEFNQKGTVRTKYGTKAQLERAIGSLKSNDINVYGDVVMNHKMGADFTEAVQAVQVNPTNRWQDISGAYTIDAWTGFDFSGRNNAYSDFKWRWFHFNGVDWDQRYQENHIFRFANTNWNWRVDEENGNYDYLLGSNIDFSHPEVQDELKDWGSWFTDELDLDGYRLDAIKHIPFWYTSDWVRHQRNEADQDLFVVGEYWKDDVGALEFYLDEMNWEMSLFDVPLNYNFYRASQQGGSYDMRNILRGSLVEAHPMHAVTFVDNHDTQPGESLESWVADWFKPLAYATILTREGGYPNVFYGDYYGIPNDNISAKKDMIDELLDARQNYAYGTQHDYFDHWDVVGWTREGSSSRPNSGLATIMSNGPGGSKWMYVGRQNAGQTWTDLTGNNGASVTINGDGWGEFFTNGGSVSVYVNQ
Gen_009,Arnold_002,1,MRLIVFLATSATSLFASLADGLNGTMMQYYEWHLENDGQHWNRLHDDAAALSDAGITAIWIPPAYKGNSQADVGYGAYDLYDLGEFNQKGTVRTKYGTKAQLERAIGSLKSNDINVYGDVVMNHKMGADFTEAVQAVQVNPTNRWQDISGAYTIDAWTGFDFSGRNNAYSDFKWRWFHFNGVDWDQRYQENHIFRFANTNWNWRVDEENGNYDYLLGSNIDFSHPEVQDELKDWGSWFTDELDLDGYRLDAIKHIPFWYTSDWVRHQRNEADQDLFVVGEYWKDDVGALEFYLDEMNWEMSLFDVPLNYNFYRASQQGGSYDMRNILRGSLVEAHPMHAVTFVDNHDTQPGESLESWVADWFKPLAYATILTREGGYPNVFYGDYYGIPNDNISAKKDMIDELLDARQNYAYGTQHDYFDHWDVVGWTREGSSSRPNSGLATIMSNGPGGSKWMYVGRQNAGQTWTDLTGNNGASVTINGDGWGEFFTNGGSVSVYVNQ
Gen_045,Arnold_002,0,MGFRLKALLVGCLIFLAVSSAIADGLNGTMMQYYEWHLENDGQHWNRLHDDAAALSDAGITAIWIPPAYKGNSQADVGYGAYDLYDLGEFNQKGTVRTKYGTKAQLERAIGSLKSNDINVYGDVVMNHKMGADFTEAVQAVQVNPTNRWQDISGAYTIDAWTGFDFSGRNNAYSDFKWRWFHFNGVDWDQRYQENHIFRFANTNWNWRVDEENGNYDYLLGSNIDFSHPEVQDELKDWGSWFTDELDLDGYRLDAIKHIPFWYTSDWVRHQRNEADQDLFVVGEYWKDDVGALEFYLDEMNWEMSLFDVPLNYNFYRASQQGGSYDMRNILRGSLVEAHPMHAVTFVDNHDTQPGESLESWVADWFKPLAYATILTREGGYPNVFYGDYYGIPNDNISAKKDMIDELLDARQNYAYGTQHDYFDHWDVVGWTREGSSSRPNSGLATIMSNGPGGSKWMYVGRQNAGQTWTDLTGNNGASVTINGDGWGEFFTNGGSVSVYVNQ
Gen_011,Arnold_002,0,MLHVALLLIIGTTCSSIVSADGLNGTMMQYYEWHLENDGQHWNRLHDDAAALSDAGITAIWIPPAYKGNSQADVGYGAYDLYDLGEFNQKGTVRTKYGTKAQLERAIGSLKSNDINVYGDVVMNHKMGADFTEAVQAVQVNPTNRWQDISGAYTIDAWTGFDFSGRNNAYSDFKWRWFHFNGVDWDQRYQENHIFRFANTNWNWRVDEENGNYDYLLGSNIDFSHPEVQDELKDWGSWFTDELDLDGYRLDAIKHIPFWYTSDWVRHQRNEADQDLFVVGEYWKDDVGALEFYLDEMNWEMSLFDVPLNYNFYRASQQGGSYDMRNILRGSLVEAHPMHAVTFVDNHDTQPGESLESWVADWFKPLAYATILTREGGYPNVFYGDYYGIPNDNISAKKDMIDELLDARQNYAYGTQHDYFDHWDVVGWTREGSSSRPNSGLATIMSNGPGGSKWMYVGRQNAGQTWTDLTGNNGASVTINGDGWGEFFTNGGSVSVYVNQ
Gen_012,Arnold_002,0,MRLAKIAGLTASLLFSLWGALADGLNGTMMQYYEWHLENDGQHWNRLHDDAAALSDAGITAIWIPPAYKGNSQADVGYGAYDLYDLGEFNQKGTVRTKYGTKAQLERAIGSLKSNDINVYGDVVMNHKMGADFTEAVQAVQVNPTNRWQDISGAYTIDAWTGFDFSGRNNAYSDFKWRWFHFNGVDWDQRYQENHIFRFANTNWNWRVDEENGNYDYLLGSNIDFSHPEVQDELKDWGSWFTDELDLDGYRLDAIKHIPFWYTSDWVRHQRNEADQDLFVVGEYWKDDVGALEFYLDEMNWEMSLFDVPLNYNFYRASQQGGSYDMRNILRGSLVEAHPMHAVTFVDNHDTQPGESLESWVADWFKPLAYATILTREGGYPNVFYGDYYGIPNDNISAKKDMIDELLDARQNYAYGTQHDYFDHWDVVGWTREGSSSRPNSGLATIMSNGPGGSKWMYVGRQNAGQTWTDLTGNNGASVTINGDGWGEFFTNGGSVSVYVNQ
Gen_051,Arnold_003,1,MNKKFKTIMALAIATLSAAGVGVAHAASLNGTLMQYFEWYMPNDGQHWKRLQNDSAYLAEHGITAVWIPPAYKGTSQDDVGYGAYDLYDLGEFHQKGTVRTKYGTKGELQSAINSLHSRDINVYGDVVINHKGGADATEDVTAVEVDPADRNRVTSGEQRIKAWTHFQFPGRGSTYSDFKWYWYHFDGTDWDESRKLNRIYKFQGKAWDWEVSNENGNYDYLMYADIDYDHPDVTAEIKRWGTWYANELQLDGFRLDAVKHIKFSFLRDWVNHVREKTGKEMFTVAEYWQNDLGALENYLNKTNFNHSVFDVPLHYQFHAASTQGGGYDMRKLLNGTVVSKHPVKAVTFVDNHDTQPGQSLESTVQTWFKPLAYAFILTREAGYPQIFYGDMYGTKGASQREIPAMKHKIEPILKARKQYAYGAQHDYFDHHNIVGWTREGDSSVANSGLAALITDGPGGTKRMYVGRQNAGETWDDITGNRSDSVVINAEGWGEFHVNGGSVSIYVQR
Gen_052,Arnold_003,1,MKKSLISFLALGLLFGSAFAASLNGTLMQYFEWYMPNDGQHWKRLQNDSAYLAEHGITAVWIPPAYKGTSQDDVGYGAYDLYDLGEFHQKGTVRTKYGTKGELQSAINSLHSRDINVYGDVVINHKGGADATEDVTAVEVDPADRNRVTSGEQRIKAWTHFQFPGRGSTYSDFKWYWYHFDGTDWDESRKLNRIYKFQGKAWDWEVSNENGNYDYLMYADIDYDHPDVTAEIKRWGTWYANELQLDGFRLDAVKHIKFSFLRDWVNHVREKTGKEMFTVAEYWQNDLGALENYLNKTNFNHSVFDVPLHYQFHAASTQGGGYDMRKLLNGTVVSKHPVKAVTFVDNHDTQPGQSLESTVQTWFKPLAYAFILTREAGYPQIFYGDMYGTKGASQREIPAMKHKIEPILKARKQYAYGAQHDYFDHHNIVGWTREGDSSVANSGLAALITDGPGGTKRMYVGRQNAGETWDDITGNRSDSVVINAEGWGEFHVNGGSVSIYVQR
Gen_070,Arnold_003,1,MVTMKLRLIALAVCLCTFINASFAASLNGTLMQYFEWYMPNDGQHWKRLQNDSAYLAEHGITAVWIPPAYKGTSQDDVGYGAYDLYDLGEFHQKGTVRTKYGTKGELQSAINSLHSRDINVYGDVVINHKGGADATEDVTAVEVDPADRNRVTSGEQRIKAWTHFQFPGRGSTYSDFKWYWYHFDGTDWDESRKLNRIYKFQGKAWDWEVSNENGNYDYLMYADIDYDHPDVTAEIKRWGTWYANELQLDGFRLDAVKHIKFSFLRDWVNHVREKTGKEMFTVAEYWQNDLGALENYLNKTNFNHSVFDVPLHYQFHAASTQGGGYDMRKLLNGTVVSKHPVKAVTFVDNHDTQPGQSLESTVQTWFKPLAYAFILTREAGYPQIFYGDMYGTKGASQREIPAMKHKIEPILKARKQYAYGAQHDYFDHHNIVGWTREGDSSVANSGLAALITDGPGGTKRMYVGRQNAGETWDDITGNRSDSVVINAEGWGEFHVNGGSVSIYVQR
Gen_132,Arnold_003,1,MKLSQSLTYLAVLGLAAGANAASLNGTLMQYFEWYMPNDGQHWKRLQNDSAYLAEHGITAVWIPPAYKGTSQDDVGYGAYDLYDLGEFHQKGTVRTKYGTKGELQSAINSLHSRDINVYGDVVINHKGGADATEDVTAVEVDPADRNRVTSGEQRIKAWTHFQFPGRGSTYSDFKWYWYHFDGTDWDESRKLNRIYKFQGKAWDWEVSNENGNYDYLMYADIDYDHPDVTAEIKRWGTWYANELQLDGFRLDAVKHIKFSFLRDWVNHVREKTGKEMFTVAEYWQNDLGALENYLNKTNFNHSVFDVPLHYQFHAASTQGGGYDMRKLLNGTVVSKHPVKAVTFVDNHDTQPGQSLESTVQTWFKPLAYAFILTREAGYPQIFYGDMYGTKGASQREIPAMKHKIEPILKARKQYAYGAQHDYFDHHNIVGWTREGDSSVANSGLAALITDGPGGTKRMYVGRQNAGETWDDITGNRSDSVVINAEGWGEFHVNGGSVSIYVQR
Gen_049,Arnold_003,0,MKNLLFSTLTAVLITSVSFAASLNGTLMQYFEWYMPNDGQHWKRLQNDSAYLAEHGITAVWIPPAYKGTSQDDVGYGAYDLYDLGEFHQKGTVRTKYGTKGELQSAINSLHSRDINVYGDVVINHKGGADATEDVTAVEVDPADRNRVTSGEQRIKAWTHFQFPGRGSTYSDFKWYWYHFDGTDWDESRKLNRIYKFQGKAWDWEVSNENGNYDYLMYADIDYDHPDVTAEIKRWGTWYANELQLDGFRLDAVKHIKFSFLRDWVNHVREKTGKEMFTVAEYWQNDLGALENYLNKTNFNHSVFDVPLHYQFHAASTQGGGYDMRKLLNGTVVSKHPVKAVTFVDNHDTQPGQSLESTVQTWFKPLAYAFILTREAGYPQIFYGDMYGTKGASQREIPAMKHKIEPILKARKQYAYGAQHDYFDHHNIVGWTREGDSSVANSGLAALITDGPGGTKRMYVGRQNAGETWDDITGNRSDSVVINAEGWGEFHVNGGSVSIYVQR
Gen_075,Arnold_003,0,MVSFSSLLAAASLAVVNAASLNGTLMQYFEWYMPNDGQHWKRLQNDSAYLAEHGITAVWIPPAYKGTSQDDVGYGAYDLYDLGEFHQKGTVRTKYGTKGELQSAINSLHSRDINVYGDVVINHKGGADATEDVTAVEVDPADRNRVTSGEQRIKAWTHFQFPGRGSTYSDFKWYWYHFDGTDWDESRKLNRIYKFQGKAWDWEVSNENGNYDYLMYADIDYDHPDVTAEIKRWGTWYANELQLDGFRLDAVKHIKFSFLRDWVNHVREKTGKEMFTVAEYWQNDLGALENYLNKTNFNHSVFDVPLHYQFHAASTQGGGYDMRKLLNGTVVSKHPVKAVTFVDNHDTQPGQSLESTVQTWFKPLAYAFILTREAGYPQIFYGDMYGTKGASQREIPAMKHKIEPILKARKQYAYGAQHDYFDHHNIVGWTREGDSSVANSGLAALITDGPGGTKRMYVGRQNAGETWDDITGNRSDSVVINAEGWGEFHVNGGSVSIYVQR
Gen_129,Arnold_003,0,MAVMRFFASLPRRVAASLNGTLMQYFEWYMPNDGQHWKRLQNDSAYLAEHGITAVWIPPAYKGTSQDDVGYGAYDLYDLGEFHQKGTVRTKYGTKGELQSAINSLHSRDINVYGDVVINHKGGADATEDVTAVEVDPADRNRVTSGEQRIKAWTHFQFPGRGSTYSDFKWYWYHFDGTDWDESRKLNRIYKFQGKAWDWEVSNENGNYDYLMYADIDYDHPDVTAEIKRWGTWYANELQLDGFRLDAVKHIKFSFLRDWVNHVREKTGKEMFTVAEYWQNDLGALENYLNKTNFNHSVFDVPLHYQFHAASTQGGGYDMRKLLNGTVVSKHPVKAVTFVDNHDTQPGQSLESTVQTWFKPLAYAFILTREAGYPQIFYGDMYGTKGASQREIPAMKHKIEPILKARKQYAYGAQHDYFDHHNIVGWTREGDSSVANSGLAALITDGPGGTKRMYVGRQNAGETWDDITGNRSDSVVINAEGWGEFHVNGGSVSIYVQR
Gen_130,Arnold_003,0,MLKRAAFLVGVSLAVAAGCGPAQAASLNGTLMQYFEWYMPNDGQHWKRLQNDSAYLAEHGITAVWIPPAYKGTSQDDVGYGAYDLYDLGEFHQKGTVRTKYGTKGELQSAINSLHSRDINVYGDVVINHKGGADATEDVTAVEVDPADRNRVTSGEQRIKAWTHFQFPGRGSTYSDFKWYWYHFDGTDWDESRKLNRIYKFQGKAWDWEVSNENGNYDYLMYADIDYDHPDVTAEIKRWGTWYANELQLDGFRLDAVKHIKFSFLRDWVNHVREKTGKEMFTVAEYWQNDLGALENYLNKTNFNHSVFDVPLHYQFHAASTQGGGYDMRKLLNGTVVSKHPVKAVTFVDNHDTQPGQSLESTVQTWFKPLAYAFILTREAGYPQIFYGDMYGTKGASQREIPAMKHKIEPILKARKQYAYGAQHDYFDHHNIVGWTREGDSSVANSGLAALITDGPGGTKRMYVGRQNAGETWDDITGNRSDSVVINAEGWGEFHVNGGSVSIYVQR
Gen_131,Arnold_003,0,MTHRTFAALPAAALAAVSSAAFAASLNGTLMQYFEWYMPNDGQHWKRLQNDSAYLAEHGITAVWIPPAYKGTSQDDVGYGAYDLYDLGEFHQKGTVRTKYGTKGELQSAINSLHSRDINVYGDVVINHKGGADATEDVTAVEVDPADRNRVTSGEQRIKAWTHFQFPGRGSTYSDFKWYWYHFDGTDWDESRKLNRIYKFQGKAWDWEVSNENGNYDYLMYADIDYDHPDVTAEIKRWGTWYANELQLDGFRLDAVKHIKFSFLRDWVNHVREKTGKEMFTVAEYWQNDLGALENYLNKTNFNHSVFDVPLHYQFHAASTQGGGYDMRKLLNGTVVSKHPVKAVTFVDNHDTQPGQSLESTVQTWFKPLAYAFILTREAGYPQIFYGDMYGTKGASQREIPAMKHKIEPILKARKQYAYGAQHDYFDHHNIVGWTREGDSSVANSGLAALITDGPGGTKRMYVGRQNAGETWDDITGNRSDSVVINAEGWGEFHVNGGSVSIYVQR
Gen_034,Arnold_003,0,MKKRLHIGLLLSLIAFQAGFAASLNGTLMQYFEWYMPNDGQHWKRLQNDSAYLAEHGITAVWIPPAYKGTSQDDVGYGAYDLYDLGEFHQKGTVRTKYGTKGELQSAINSLHSRDINVYGDVVINHKGGADATEDVTAVEVDPADRNRVTSGEQRIKAWTHFQFPGRGSTYSDFKWYWYHFDGTDWDESRKLNRIYKFQGKAWDWEVSNENGNYDYLMYADIDYDHPDVTAEIKRWGTWYANELQLDGFRLDAVKHIKFSFLRDWVNHVREKTGKEMFTVAEYWQNDLGALENYLNKTNFNHSVFDVPLHYQFHAASTQGGGYDMRKLLNGTVVSKHPVKAVTFVDNHDTQPGQSLESTVQTWFKPLAYAFILTREAGYPQIFYGDMYGTKGASQREIPAMKHKIEPILKARKQYAYGAQHDYFDHHNIVGWTREGDSSVANSGLAALITDGPGGTKRMYVGRQNAGETWDDITGNRSDSVVINAEGWGEFHVNGGSVSIYVQR
Gen_035,Arnold_003,0,MKLLAFIFALFLFSIARAASLNGTLMQYFEWYMPNDGQHWKRLQNDSAYLAEHGITAVWIPPAYKGTSQDDVGYGAYDLYDLGEFHQKGTVRTKYGTKGELQSAINSLHSRDINVYGDVVINHKGGADATEDVTAVEVDPADRNRVTSGEQRIKAWTHFQFPGRGSTYSDFKWYWYHFDGTDWDESRKLNRIYKFQGKAWDWEVSNENGNYDYLMYADIDYDHPDVTAEIKRWGTWYANELQLDGFRLDAVKHIKFSFLRDWVNHVREKTGKEMFTVAEYWQNDLGALENYLNKTNFNHSVFDVPLHYQFHAASTQGGGYDMRKLLNGTVVSKHPVKAVTFVDNHDTQPGQSLESTVQTWFKPLAYAFILTREAGYPQIFYGDMYGTKGASQREIPAMKHKIEPILKARKQYAYGAQHDYFDHHNIVGWTREGDSSVANSGLAALITDGPGGTKRMYVGRQNAGETWDDITGNRSDSVVINAEGWGEFHVNGGSVSIYVQR
Gen_036,Arnold_003,0,MNKLFYLFMLGLAAFAASLNGTLMQYFEWYMPNDGQHWKRLQNDSAYLAEHGITAVWIPPAYKGTSQDDVGYGAYDLYDLGEFHQKGTVRTKYGTKGELQSAINSLHSRDINVYGDVVINHKGGADATEDVTAVEVDPADRNRVTSGEQRIKAWTHFQFPGRGSTYSDFKWYWYHFDGTDWDESRKLNRIYKFQGKAWDWEVSNENGNYDYLMYADIDYDHPDVTAEIKRWGTWYANELQLDGFRLDAVKHIKFSFLRDWVNHVREKTGKEMFTVAEYWQNDLGALENYLNKTNFNHSVFDVPLHYQFHAASTQGGGYDMRKLLNGTVVSKHPVKAVTFVDNHDTQPGQSLESTVQTWFKPLAYAFILTREAGYPQIFYGDMYGTKGASQREIPAMKHKIEPILKARKQYAYGAQHDYFDHHNIVGWTREGDSSVANSGLAALITDGPGGTKRMYVGRQNAGETWDDITGNRSDSVVINAEGWGEFHVNGGSVSIYVQR
Gen_076,Arnold_015,1,MKNFATLSAVLAGATALAHHNGTNGTMMQYFEWHLPNDGNHWNRLRDDAANLKSKGITAVWIPPAWKGTSQNDVGYGAYDLYDLGEFNQKGTVRTKYGTRSQLQGAVTSLKNNGIQVYGDVVMNHKGGADGTEMVNAVEVNRSNRNQEISGEYTIEAWTKFDFPGRGNTHSNFKWRWYHFDGTDWDQSRQLQNKIYKFRGTGKAWDWEVDIENGNYDYLMYADIDMDHPEVINELRNWGVWYTNTLNLDGFRIDAVKHIKYSYTRDWLTHVRNTTGKPMFAVAEFWKNDLAAIENYLNKTSWNHSVFDVPLHYNLYNASNSGGYFDMRNILNGSVVQKHPIHAVTFVDNHDSQPGEALESFVQSWFKPLAYALILTREQGYPSVFYGDYYGIPTHGVPSMKSKIDPLLQARQTYAYGTQHDYFDHHDIIGWTREGDSSHPNSGLATIMSDGPGGNKWMYVGKHKAGQVWRDITGNRSGTVTINADGWGNFTVNGGAVSVWVKQ
Gen_081,Arnold_015,1,MTRSLFIFSLLALAIFSGVSASAHHNGTNGTMMQYFEWHLPNDGNHWNRLRDDAANLKSKGITAVWIPPAWKGTSQNDVGYGAYDLYDLGEFNQKGTVRTKYGTRSQLQGAVTSLKNNGIQVYGDVVMNHKGGADGTEMVNAVEVNRSNRNQEISGEYTIEAWTKFDFPGRGNTHSNFKWRWYHFDGTDWDQSRQLQNKIYKFRGTGKAWDWEVDIENGNYDYLMYADIDMDHPEVINELRNWGVWYTNTLNLDGFRIDAVKHIKYSYTRDWLTHVRNTTGKPMFAVAEFWKNDLAAIENYLNKTSWNHSVFDVPLHYNLYNASNSGGYFDMRNILNGSVVQKHPIHAVTFVDNHDSQPGEALESFVQSWFKPLAYALILTREQGYPSVFYGDYYGIPTHGVPSMKSKIDPLLQARQTYAYGTQHDYFDHHDIIGWTREGDSSHPNSGLATIMSDGPGGNKWMYVGKHKAGQVWRDITGNRSGTVTINADGWGNFTVNGGAVSVWVKQ
Gen_082,Arnold_015,1,MKLIPNKKTLIAGILAISTSFAYSHHNGTNGTMMQYFEWHLPNDGNHWNRLRDDAANLKSKGITAVWIPPAWKGTSQNDVGYGAYDLYDLGEFNQKGTVRTKYGTRSQLQGAVTSLKNNGIQVYGDVVMNHKGGADGTEMVNAVEVNRSNRNQEISGEYTIEAWTKFDFPGRGNTHSNFKWRWYHFDGTDWDQSRQLQNKIYKFRGTGKAWDWEVDIENGNYDYLMYADIDMDHPEVINELRNWGVWYTNTLNLDGFRIDAVKHIKYSYTRDWLTHVRNTTGKPMFAVAEFWKNDLAAIENYLNKTSWNHSVFDVPLHYNLYNASNSGGYFDMRNILNGSVVQKHPIHAVTFVDNHDSQPGEALESFVQSWFKPLAYALILTREQGYPSVFYGDYYGIPTHGVPSMKSKIDPLLQARQTYAYGTQHDYFDHHDIIGWTREGDSSHPNSGLATIMSDGPGGNKWMYVGKHKAGQVWRDITGNRSGTVTINADGWGNFTVNGGAVSVWVKQ
Gen_084,Arnold_015,1,MKKTGFIGKTLALVIAAGMAGTAAFAHHNGTNGTMMQYFEWHLPNDGNHWNRLRDDAANLKSKGITAVWIPPAWKGTSQNDVGYGAYDLYDLGEFNQKGTVRTKYGTRSQLQGAVTSLKNNGIQVYGDVVMNHKGGADGTEMVNAVEVNRSNRNQEISGEYTIEAWTKFDFPGRGNTHSNFKWRWYHFDGTDWDQSRQLQNKIYKFRGTGKAWDWEVDIENGNYDYLMYADIDMDHPEVINELRNWGVWYTNTLNLDGFRIDAVKHIKYSYTRDWLTHVRNTTGKPMFAVAEFWKNDLAAIENYLNKTSWNHSVFDVPLHYNLYNASNSGGYFDMRNILNGSVVQKHPIHAVTFVDNHDSQPGEALESFVQSWFKPLAYALILTREQGYPSVFYGDYYGIPTHGVPSMKSKIDPLLQARQTYAYGTQHDYFDHHDIIGWTREGDSSHPNSGLATIMSDGPGGNKWMYVGKHKAGQVWRDITGNRSGTVTINADGWGNFTVNGGAVSVWVKQ
Gen_096,Arnold_015,1,MKFQDLTLVLSLSTALAHHNGTNGTMMQYFEWHLPNDGNHWNRLRDDAANLKSKGITAVWIPPAWKGTSQNDVGYGAYDLYDLGEFNQKGTVRTKYGTRSQLQGAVTSLKNNGIQVYGDVVMNHKGGADGTEMVNAVEVNRSNRNQEISGEYTIEAWTKFDFPGRGNTHSNFKWRWYHFDGTDWDQSRQLQNKIYKFRGTGKAWDWEVDIENGNYDYLMYADIDMDHPEVINELRNWGVWYTNTLNLDGFRIDAVKHIKYSYTRDWLTHVRNTTGKPMFAVAEFWKNDLAAIENYLNKTSWNHSVFDVPLHYNLYNASNSGGYFDMRNILNGSVVQKHPIHAVTFVDNHDSQPGEALESFVQSWFKPLAYALILTREQGYPSVFYGDYYGIPTHGVPSMKSKIDPLLQARQTYAYGTQHDYFDHHDIIGWTREGDSSHPNSGLATIMSDGPGGNKWMYVGKHKAGQVWRDITGNRSGTVTINADGWGNFTVNGGAVSVWVKQ
Gen_143,Arnold_015,1,MKKKIVAVLTLSVVLAHHNGTNGTMMQYFEWHLPNDGNHWNRLRDDAANLKSKGITAVWIPPAWKGTSQNDVGYGAYDLYDLGEFNQKGTVRTKYGTRSQLQGAVTSLKNNGIQVYGDVVMNHKGGADGTEMVNAVEVNRSNRNQEISGEYTIEAWTKFDFPGRGNTHSNFKWRWYHFDGTDWDQSRQLQNKIYKFRGTGKAWDWEVDIENGNYDYLMYADIDMDHPEVINELRNWGVWYTNTLNLDGFRIDAVKHIKYSYTRDWLTHVRNTTGKPMFAVAEFWKNDLAAIENYLNKTSWNHSVFDVPLHYNLYNASNSGGYFDMRNILNGSVVQKHPIHAVTFVDNHDSQPGEALESFVQSWFKPLAYALILTREQGYPSVFYGDYYGIPTHGVPSMKSKIDPLLQARQTYAYGTQHDYFDHHDIIGWTREGDSSHPNSGLATIMSDGPGGNKWMYVGKHKAGQVWRDITGNRSGTVTINADGWGNFTVNGGAVSVWVKQ
Gen_144,Arnold_015,1,MKKRVISALAALWLSVLGAPAVLAHHNGTNGTMMQYFEWHLPNDGNHWNRLRDDAANLKSKGITAVWIPPAWKGTSQNDVGYGAYDLYDLGEFNQKGTVRTKYGTRSQLQGAVTSLKNNGIQVYGDVVMNHKGGADGTEMVNAVEVNRSNRNQEISGEYTIEAWTKFDFPGRGNTHSNFKWRWYHFDGTDWDQSRQLQNKIYKFRGTGKAWDWEVDIENGNYDYLMYADIDMDHPEVINELRNWGVWYTNTLNLDGFRIDAVKHIKYSYTRDWLTHVRNTTGKPMFAVAEFWKNDLAAIENYLNKTSWNHSVFDVPLHYNLYNASNSGGYFDMRNILNGSVVQKHPIHAVTFVDNHDSQPGEALESFVQSWFKPLAYALILTREQGYPSVFYGDYYGIPTHGVPSMKSKIDPLLQARQTYAYGTQHDYFDHHDIIGWTREGDSSHPNSGLATIMSDGPGGNKWMYVGKHKAGQVWRDITGNRSGTVTINADGWGNFTVNGGAVSVWVKQ
Gen_083,Arnold_015,0,MLKRFVKLAVIALAFAYVSAHHNGTNGTMMQYFEWHLPNDGNHWNRLRDDAANLKSKGITAVWIPPAWKGTSQNDVGYGAYDLYDLGEFNQKGTVRTKYGTRSQLQGAVTSLKNNGIQVYGDVVMNHKGGADGTEMVNAVEVNRSNRNQEISGEYTIEAWTKFDFPGRGNTHSNFKWRWYHFDGTDWDQSRQLQNKIYKFRGTGKAWDWEVDIENGNYDYLMYADIDMDHPEVINELRNWGVWYTNTLNLDGFRIDAVKHIKYSYTRDWLTHVRNTTGKPMFAVAEFWKNDLAAIENYLNKTSWNHSVFDVPLHYNLYNASNSGGYFDMRNILNGSVVQKHPIHAVTFVDNHDSQPGEALESFVQSWFKPLAYALILTREQGYPSVFYGDYYGIPTHGVPSMKSKIDPLLQARQTYAYGTQHDYFDHHDIIGWTREGDSSHPNSGLATIMSDGPGGNKWMYVGKHKAGQVWRDITGNRSGTVTINADGWGNFTVNGGAVSVWVKQ
Gen_094,Arnold_015,0,MVSLSFSLVASAVTHVASAHHNGTNGTMMQYFEWHLPNDGNHWNRLRDDAANLKSKGITAVWIPPAWKGTSQNDVGYGAYDLYDLGEFNQKGTVRTKYGTRSQLQGAVTSLKNNGIQVYGDVVMNHKGGADGTEMVNAVEVNRSNRNQEISGEYTIEAWTKFDFPGRGNTHSNFKWRWYHFDGTDWDQSRQLQNKIYKFRGTGKAWDWEVDIENGNYDYLMYADIDMDHPEVINELRNWGVWYTNTLNLDGFRIDAVKHIKYSYTRDWLTHVRNTTGKPMFAVAEFWKNDLAAIENYLNKTSWNHSVFDVPLHYNLYNASNSGGYFDMRNILNGSVVQKHPIHAVTFVDNHDSQPGEALESFVQSWFKPLAYALILTREQGYPSVFYGDYYGIPTHGVPSMKSKIDPLLQARQTYAYGTQHDYFDHHDIIGWTREGDSSHPNSGLATIMSDGPGGNKWMYVGKHKAGQVWRDITGNRSGTVTINADGWGNFTVNGGAVSVWVKQ
Gen_095,Arnold_015,0,MVSFSSLNALFLATVLAHHNGTNGTMMQYFEWHLPNDGNHWNRLRDDAANLKSKGITAVWIPPAWKGTSQNDVGYGAYDLYDLGEFNQKGTVRTKYGTRSQLQGAVTSLKNNGIQVYGDVVMNHKGGADGTEMVNAVEVNRSNRNQEISGEYTIEAWTKFDFPGRGNTHSNFKWRWYHFDGTDWDQSRQLQNKIYKFRGTGKAWDWEVDIENGNYDYLMYADIDMDHPEVINELRNWGVWYTNTLNLDGFRIDAVKHIKYSYTRDWLTHVRNTTGKPMFAVAEFWKNDLAAIENYLNKTSWNHSVFDVPLHYNLYNASNSGGYFDMRNILNGSVVQKHPIHAVTFVDNHDSQPGEALESFVQSWFKPLAYALILTREQGYPSVFYGDYYGIPTHGVPSMKSKIDPLLQARQTYAYGTQHDYFDHHDIIGWTREGDSSHPNSGLATIMSDGPGGNKWMYVGKHKAGQVWRDITGNRSGTVTINADGWGNFTVNGGAVSVWVKQ
Gen_070,Arnold_026,1,MVTMKLRLIALAVCLCTFINASFASPIRREVSQDLFNQFNLFAQYSAAAYCGKNNDAPAGTNITCTGNACPEVEKADATFLYSFEDSGVGDVTGFLALDNTNKLIVLSFRGSRSIENWIGNLNFDLKEINDICSGCRGHDGFTSSWRSVADTLRQKVEDAVREHPDYRVVFTGHSLGGALATVAGADLRGNGYDIDVFSYGAPRVGNRAFAEFLTVQTGGTLYRITHTNDIVPRLPPREFGYSHSSPEYWIKSGTLVPVTRNDIVKIEGIDATGGNNQPNIPDIPAHLWYFGLIGTCL
Gen_082,Arnold_026,1,MKLIPNKKTLIAGILAISTSFAYSSPIRREVSQDLFNQFNLFAQYSAAAYCGKNNDAPAGTNITCTGNACPEVEKADATFLYSFEDSGVGDVTGFLALDNTNKLIVLSFRGSRSIENWIGNLNFDLKEINDICSGCRGHDGFTSSWRSVADTLRQKVEDAVREHPDYRVVFTGHSLGGALATVAGADLRGNGYDIDVFSYGAPRVGNRAFAEFLTVQTGGTLYRITHTNDIVPRLPPREFGYSHSSPEYWIKSGTLVPVTRNDIVKIEGIDATGGNNQPNIPDIPAHLWYFGLIGTCL
Gen_083,Arnold_026,1,MLKRFVKLAVIALAFAYVSASPIRREVSQDLFNQFNLFAQYSAAAYCGKNNDAPAGTNITCTGNACPEVEKADATFLYSFEDSGVGDVTGFLALDNTNKLIVLSFRGSRSIENWIGNLNFDLKEINDICSGCRGHDGFTSSWRSVADTLRQKVEDAVREHPDYRVVFTGHSLGGALATVAGADLRGNGYDIDVFSYGAPRVGNRAFAEFLTVQTGGTLYRITHTNDIVPRLPPREFGYSHSSPEYWIKSGTLVPVTRNDIVKIEGIDATGGNNQPNIPDIPAHLWYFGLIGTCL
Gen_084,Arnold_026,1,MKKTGFIGKTLALVIAAGMAGTAAFASPIRREVSQDLFNQFNLFAQYSAAAYCGKNNDAPAGTNITCTGNACPEVEKADATFLYSFEDSGVGDVTGFLALDNTNKLIVLSFRGSRSIENWIGNLNFDLKEINDICSGCRGHDGFTSSWRSVADTLRQKVEDAVREHPDYRVVFTGHSLGGALATVAGADLRGNGYDIDVFSYGAPRVGNRAFAEFLTVQTGGTLYRITHTNDIVPRLPPREFGYSHSSPEYWIKSGTLVPVTRNDIVKIEGIDATGGNNQPNIPDIPAHLWYFGLIGTCL
Gen_098,Arnold_026,1,MKFLSTAFVLLIALVAGCSTASPIRREVSQDLFNQFNLFAQYSAAAYCGKNNDAPAGTNITCTGNACPEVEKADATFLYSFEDSGVGDVTGFLALDNTNKLIVLSFRGSRSIENWIGNLNFDLKEINDICSGCRGHDGFTSSWRSVADTLRQKVEDAVREHPDYRVVFTGHSLGGALATVAGADLRGNGYDIDVFSYGAPRVGNRAFAEFLTVQTGGTLYRITHTNDIVPRLPPREFGYSHSSPEYWIKSGTLVPVTRNDIVKIEGIDATGGNNQPNIPDIPAHLWYFGLIGTCL
Gen_099,Arnold_026,1,MLKRFLTLFLGFLALASSLASPIRREVSQDLFNQFNLFAQYSAAAYCGKNNDAPAGTNITCTGNACPEVEKADATFLYSFEDSGVGDVTGFLALDNTNKLIVLSFRGSRSIENWIGNLNFDLKEINDICSGCRGHDGFTSSWRSVADTLRQKVEDAVREHPDYRVVFTGHSLGGALATVAGADLRGNGYDIDVFSYGAPRVGNRAFAEFLTVQTGGTLYRITHTNDIVPRLPPREFGYSHSSPEYWIKSGTLVPVTRNDIVKIEGIDATGGNNQPNIPDIPAHLWYFGLIGTCL
Gen_100,Arnold_026,1,MKLLTSFVLIGALAFASPIRREVSQDLFNQFNLFAQYSAAAYCGKNNDAPAGTNITCTGNACPEVEKADATFLYSFEDSGVGDVTGFLALDNTNKLIVLSFRGSRSIENWIGNLNFDLKEINDICSGCRGHDGFTSSWRSVADTLRQKVEDAVREHPDYRVVFTGHSLGGALATVAGADLRGNGYDIDVFSYGAPRVGNRAFAEFLTVQTGGTLYRITHTNDIVPRLPPREFGYSHSSPEYWIKSGTLVPVTRNDIVKIEGIDATGGNNQPNIPDIPAHLWYFGLIGTCL
Gen_069,Arnold_026,0,MTRPAPAFRLSLVILCLAIPAADASPIRREVSQDLFNQFNLFAQYSAAAYCGKNNDAPAGTNITCTGNACPEVEKADATFLYSFEDSGVGDVTGFLALDNTNKLIVLSFRGSRSIENWIGNLNFDLKEINDICSGCRGHDGFTSSWRSVADTLRQKVEDAVREHPDYRVVFTGHSLGGALATVAGADLRGNGYDIDVFSYGAPRVGNRAFAEFLTVQTGGTLYRITHTNDIVPRLPPREFGYSHSSPEYWIKSGTLVPVTRNDIVKIEGIDATGGNNQPNIPDIPAHLWYFGLIGTCL
Gen_071,Arnold_026,0,MTKLLAVIAASLMFAASTFASPIRREVSQDLFNQFNLFAQYSAAAYCGKNNDAPAGTNITCTGNACPEVEKADATFLYSFEDSGVGDVTGFLALDNTNKLIVLSFRGSRSIENWIGNLNFDLKEINDICSGCRGHDGFTSSWRSVADTLRQKVEDAVREHPDYRVVFTGHSLGGALATVAGADLRGNGYDIDVFSYGAPRVGNRAFAEFLTVQTGGTLYRITHTNDIVPRLPPREFGYSHSSPEYWIKSGTLVPVTRNDIVKIEGIDATGGNNQPNIPDIPAHLWYFGLIGTCL
Gen_072,Arnold_026,0,MVSNKRVLALSALFGCCSLASASPIRREVSQDLFNQFNLFAQYSAAAYCGKNNDAPAGTNITCTGNACPEVEKADATFLYSFEDSGVGDVTGFLALDNTNKLIVLSFRGSRSIENWIGNLNFDLKEINDICSGCRGHDGFTSSWRSVADTLRQKVEDAVREHPDYRVVFTGHSLGGALATVAGADLRGNGYDIDVFSYGAPRVGNRAFAEFLTVQTGGTLYRITHTNDIVPRLPPREFGYSHSSPEYWIKSGTLVPVTRNDIVKIEGIDATGGNNQPNIPDIPAHLWYFGLIGTCL
Gen_081,Arnold_026,0,MTRSLFIFSLLALAIFSGVSASASPIRREVSQDLFNQFNLFAQYSAAAYCGKNNDAPAGTNITCTGNACPEVEKADATFLYSFEDSGVGDVTGFLALDNTNKLIVLSFRGSRSIENWIGNLNFDLKEINDICSGCRGHDGFTSSWRSVADTLRQKVEDAVREHPDYRVVFTGHSLGGALATVAGADLRGNGYDIDVFSYGAPRVGNRAFAEFLTVQTGGTLYRITHTNDIVPRLPPREFGYSHSSPEYWIKSGTLVPVTRNDIVKIEGIDATGGNNQPNIPDIPAHLWYFGLIGTCL
Gen_097,Arnold_026,0,MRVLSATAFLALLAFGLSGATASPIRREVSQDLFNQFNLFAQYSAAAYCGKNNDAPAGTNITCTGNACPEVEKADATFLYSFEDSGVGDVTGFLALDNTNKLIVLSFRGSRSIENWIGNLNFDLKEINDICSGCRGHDGFTSSWRSVADTLRQKVEDAVREHPDYRVVFTGHSLGGALATVAGADLRGNGYDIDVFSYGAPRVGNRAFAEFLTVQTGGTLYRITHTNDIVPRLPPREFGYSHSSPEYWIKSGTLVPVTRNDIVKIEGIDATGGNNQPNIPDIPAHLWYFGLIGTCL
Gen_051,Arnold_034,1,MNKKFKTIMALAIATLSAAGVGVAHAAGKSNGEKKYIVGFKQTMSTMSAAKKKDVISEKGGKVQKQFKYVDAASATLNEKAVKELKKDPSVAYVEEDHVAHAYAQSVPYGVSQIKAPALHSQGYTGSNVKVAVIDSGIDSSHPDLKVAGGASMVPSETNPFQDNNSHGTHVAGTVAALNNSIGVLGVAPSASLYAVKVLGADGSGQYSWIINGIEWAIANNMDVINMSLGGPSGSAALKAAVDKAVASGVVVVAAAGNEGTSGSSSTVGYPGKYPSVIAVGAVDSSNQRASFSSVGPELDVMAPGVSIQSTLPGNKYGAYNGTSMASPHVAGAAALILSKHPNWTNTQVRSSLENTTTKLGDSFYYGKGLINVQAAAQ
Gen_034,Arnold_034,1,MKKRLHIGLLLSLIAFQAGFAAGKSNGEKKYIVGFKQTMSTMSAAKKKDVISEKGGKVQKQFKYVDAASATLNEKAVKELKKDPSVAYVEEDHVAHAYAQSVPYGVSQIKAPALHSQGYTGSNVKVAVIDSGIDSSHPDLKVAGGASMVPSETNPFQDNNSHGTHVAGTVAALNNSIGVLGVAPSASLYAVKVLGADGSGQYSWIINGIEWAIANNMDVINMSLGGPSGSAALKAAVDKAVASGVVVVAAAGNEGTSGSSSTVGYPGKYPSVIAVGAVDSSNQRASFSSVGPELDVMAPGVSIQSTLPGNKYGAYNGTSMASPHVAGAAALILSKHPNWTNTQVRSSLENTTTKLGDSFYYGKGLINVQAAAQ
Gen_045,Arnold_034,0,MGFRLKALLVGCLIFLAVSSAIAAGKSNGEKKYIVGFKQTMSTMSAAKKKDVISEKGGKVQKQFKYVDAASATLNEKAVKELKKDPSVAYVEEDHVAHAYAQSVPYGVSQIKAPALHSQGYTGSNVKVAVIDSGIDSSHPDLKVAGGASMVPSETNPFQDNNSHGTHVAGTVAALNNSIGVLGVAPSASLYAVKVLGADGSGQYSWIINGIEWAIANNMDVINMSLGGPSGSAALKAAVDKAVASGVVVVAAAGNEGTSGSSSTVGYPGKYPSVIAVGAVDSSNQRASFSSVGPELDVMAPGVSIQSTLPGNKYGAYNGTSMASPHVAGAAALILSKHPNWTNTQVRSSLENTTTKLGDSFYYGKGLINVQAAAQ
Gen_046,Arnold_034,0,MTSYEFLLVILGVLLSGAAGKSNGEKKYIVGFKQTMSTMSAAKKKDVISEKGGKVQKQFKYVDAASATLNEKAVKELKKDPSVAYVEEDHVAHAYAQSVPYGVSQIKAPALHSQGYTGSNVKVAVIDSGIDSSHPDLKVAGGASMVPSETNPFQDNNSHGTHVAGTVAALNNSIGVLGVAPSASLYAVKVLGADGSGQYSWIINGIEWAIANNMDVINMSLGGPSGSAALKAAVDKAVASGVVVVAAAGNEGTSGSSSTVGYPGKYPSVIAVGAVDSSNQRASFSSVGPELDVMAPGVSIQSTLPGNKYGAYNGTSMASPHVAGAAALILSKHPNWTNTQVRSSLENTTTKLGDSFYYGKGLINVQAAAQ
Gen_047,Arnold_034,0,MPMTLLVLSLLATLFGSWVAAGKSNGEKKYIVGFKQTMSTMSAAKKKDVISEKGGKVQKQFKYVDAASATLNEKAVKELKKDPSVAYVEEDHVAHAYAQSVPYGVSQIKAPALHSQGYTGSNVKVAVIDSGIDSSHPDLKVAGGASMVPSETNPFQDNNSHGTHVAGTVAALNNSIGVLGVAPSASLYAVKVLGADGSGQYSWIINGIEWAIANNMDVINMSLGGPSGSAALKAAVDKAVASGVVVVAAAGNEGTSGSSSTVGYPGKYPSVIAVGAVDSSNQRASFSSVGPELDVMAPGVSIQSTLPGNKYGAYNGTSMASPHVAGAAALILSKHPNWTNTQVRSSLENTTTKLGDSFYYGKGLINVQAAAQ
Gen_048,Arnold_034,0,MNIRLGALLAGLLLSAMASAVFAAGKSNGEKKYIVGFKQTMSTMSAAKKKDVISEKGGKVQKQFKYVDAASATLNEKAVKELKKDPSVAYVEEDHVAHAYAQSVPYGVSQIKAPALHSQGYTGSNVKVAVIDSGIDSSHPDLKVAGGASMVPSETNPFQDNNSHGTHVAGTVAALNNSIGVLGVAPSASLYAVKVLGADGSGQYSWIINGIEWAIANNMDVINMSLGGPSGSAALKAAVDKAVASGVVVVAAAGNEGTSGSSSTVGYPGKYPSVIAVGAVDSSNQRASFSSVGPELDVMAPGVSIQSTLPGNKYGAYNGTSMASPHVAGAAALILSKHPNWTNTQVRSSLENTTTKLGDSFYYGKGLINVQAAAQ
Gen_073,Arnold_034,0,MVSFKSALFAAAAVATVADAAGKSNGEKKYIVGFKQTMSTMSAAKKKDVISEKGGKVQKQFKYVDAASATLNEKAVKELKKDPSVAYVEEDHVAHAYAQSVPYGVSQIKAPALHSQGYTGSNVKVAVIDSGIDSSHPDLKVAGGASMVPSETNPFQDNNSHGTHVAGTVAALNNSIGVLGVAPSASLYAVKVLGADGSGQYSWIINGIEWAIANNMDVINMSLGGPSGSAALKAAVDKAVASGVVVVAAAGNEGTSGSSSTVGYPGKYPSVIAVGAVDSSNQRASFSSVGPELDVMAPGVSIQSTLPGNKYGAYNGTSMASPHVAGAAALILSKHPNWTNTQVRSSLENTTTKLGDSFYYGKGLINVQAAAQ
Gen_074,Arnold_034,0,MQKKTAIAIAAGTAIATVAAGTQAAGKSNGEKKYIVGFKQTMSTMSAAKKKDVISEKGGKVQKQFKYVDAASATLNEKAVKELKKDPSVAYVEEDHVAHAYAQSVPYGVSQIKAPALHSQGYTGSNVKVAVIDSGIDSSHPDLKVAGGASMVPSETNPFQDNNSHGTHVAGTVAALNNSIGVLGVAPSASLYAVKVLGADGSGQYSWIINGIEWAIANNMDVINMSLGGPSGSAALKAAVDKAVASGVVVVAAAGNEGTSGSSSTVGYPGKYPSVIAVGAVDSSNQRASFSSVGPELDVMAPGVSIQSTLPGNKYGAYNGTSMASPHVAGAAALILSKHPNWTNTQVRSSLENTTTKLGDSFYYGKGLINVQAAAQ
Gen_075,Arnold_034,0,MVSFSSLLAAASLAVVNAAGKSNGEKKYIVGFKQTMSTMSAAKKKDVISEKGGKVQKQFKYVDAASATLNEKAVKELKKDPSVAYVEEDHVAHAYAQSVPYGVSQIKAPALHSQGYTGSNVKVAVIDSGIDSSHPDLKVAGGASMVPSETNPFQDNNSHGTHVAGTVAALNNSIGVLGVAPSASLYAVKVLGADGSGQYSWIINGIEWAIANNMDVINMSLGGPSGSAALKAAVDKAVASGVVVVAAAGNEGTSGSSSTVGYPGKYPSVIAVGAVDSSNQRASFSSVGPELDVMAPGVSIQSTLPGNKYGAYNGTSMASPHVAGAAALILSKHPNWTNTQVRSSLENTTTKLGDSFYYGKGLINVQAAAQ
Gen_033,Arnold_034,0,MLSLKSLFLSTLLIVLAASGFAAGKSNGEKKYIVGFKQTMSTMSAAKKKDVISEKGGKVQKQFKYVDAASATLNEKAVKELKKDPSVAYVEEDHVAHAYAQSVPYGVSQIKAPALHSQGYTGSNVKVAVIDSGIDSSHPDLKVAGGASMVPSETNPFQDNNSHGTHVAGTVAALNNSIGVLGVAPSASLYAVKVLGADGSGQYSWIINGIEWAIANNMDVINMSLGGPSGSAALKAAVDKAVASGVVVVAAAGNEGTSGSSSTVGYPGKYPSVIAVGAVDSSNQRASFSSVGPELDVMAPGVSIQSTLPGNKYGAYNGTSMASPHVAGAAALILSKHPNWTNTQVRSSLENTTTKLGDSFYYGKGLINVQAAAQ
Gen_035,Arnold_034,0,MKLLAFIFALFLFSIARAAGKSNGEKKYIVGFKQTMSTMSAAKKKDVISEKGGKVQKQFKYVDAASATLNEKAVKELKKDPSVAYVEEDHVAHAYAQSVPYGVSQIKAPALHSQGYTGSNVKVAVIDSGIDSSHPDLKVAGGASMVPSETNPFQDNNSHGTHVAGTVAALNNSIGVLGVAPSASLYAVKVLGADGSGQYSWIINGIEWAIANNMDVINMSLGGPSGSAALKAAVDKAVASGVVVVAAAGNEGTSGSSSTVGYPGKYPSVIAVGAVDSSNQRASFSSVGPELDVMAPGVSIQSTLPGNKYGAYNGTSMASPHVAGAAALILSKHPNWTNTQVRSSLENTTTKLGDSFYYGKGLINVQAAAQ
Gen_048,Arnold_039,1,MNIRLGALLAGLLLSAMASAVFARTITNNEMGNHSGYDYELWKDYGNTSMTLNNGGAFSAGWNNIGNALFRKGKKFDSTRTHHQLGNISINYNASFNPGGNSYLCVYGWTQSPLAEYYIVDSWGTYRPTGAYKGSFYADGGTYDIYETTRVNQPSIIGIATFKQYWSVRQTKRTSGTVSVSAHFRKWESLGMPMGKMYETAFTVEGYQSSGSANVMTNQLFIGN
Gen_156,Arnold_039,1,MKCCRIMFVLLGLWFVFGLSVPGGRTEARTITNNEMGNHSGYDYELWKDYGNTSMTLNNGGAFSAGWNNIGNALFRKGKKFDSTRTHHQLGNISINYNASFNPGGNSYLCVYGWTQSPLAEYYIVDSWGTYRPTGAYKGSFYADGGTYDIYETTRVNQPSIIGIATFKQYWSVRQTKRTSGTVSVSAHFRKWESLGMPMGKMYETAFTVEGYQSSGSANVMTNQLFIGN
Gen_045,Arnold_039,0,MGFRLKALLVGCLIFLAVSSAIARTITNNEMGNHSGYDYELWKDYGNTSMTLNNGGAFSAGWNNIGNALFRKGKKFDSTRTHHQLGNISINYNASFNPGGNSYLCVYGWTQSPLAEYYIVDSWGTYRPTGAYKGSFYADGGTYDIYETTRVNQPSIIGIATFKQYWSVRQTKRTSGTVSVSAHFRKWESLGMPMGKMYETAFTVEGYQSSGSANVMTNQLFIGN
Gen_046,Arnold_039,0,MTSYEFLLVILGVLLSGARTITNNEMGNHSGYDYELWKDYGNTSMTLNNGGAFSAGWNNIGNALFRKGKKFDSTRTHHQLGNISINYNASFNPGGNSYLCVYGWTQSPLAEYYIVDSWGTYRPTGAYKGSFYADGGTYDIYETTRVNQPSIIGIATFKQYWSVRQTKRTSGTVSVSAHFRKWESLGMPMGKMYETAFTVEGYQSSGSANVMTNQLFIGN
Gen_047,Arnold_039,0,MPMTLLVLSLLATLFGSWVARTITNNEMGNHSGYDYELWKDYGNTSMTLNNGGAFSAGWNNIGNALFRKGKKFDSTRTHHQLGNISINYNASFNPGGNSYLCVYGWTQSPLAEYYIVDSWGTYRPTGAYKGSFYADGGTYDIYETTRVNQPSIIGIATFKQYWSVRQTKRTSGTVSVSAHFRKWESLGMPMGKMYETAFTVEGYQSSGSANVMTNQLFIGN
Gen_009,Arnold_039,0,MRLIVFLATSATSLFASLARTITNNEMGNHSGYDYELWKDYGNTSMTLNNGGAFSAGWNNIGNALFRKGKKFDSTRTHHQLGNISINYNASFNPGGNSYLCVYGWTQSPLAEYYIVDSWGTYRPTGAYKGSFYADGGTYDIYETTRVNQPSIIGIATFKQYWSVRQTKRTSGTVSVSAHFRKWESLGMPMGKMYETAFTVEGYQSSGSANVMTNQLFIGN
Gen_010,Arnold_039,0,MFKLKDILIGLTGILLSSLFARTITNNEMGNHSGYDYELWKDYGNTSMTLNNGGAFSAGWNNIGNALFRKGKKFDSTRTHHQLGNISINYNASFNPGGNSYLCVYGWTQSPLAEYYIVDSWGTYRPTGAYKGSFYADGGTYDIYETTRVNQPSIIGIATFKQYWSVRQTKRTSGTVSVSAHFRKWESLGMPMGKMYETAFTVEGYQSSGSANVMTNQLFIGN
Gen_012,Arnold_039,0,MRLAKIAGLTASLLFSLWGALARTITNNEMGNHSGYDYELWKDYGNTSMTLNNGGAFSAGWNNIGNALFRKGKKFDSTRTHHQLGNISINYNASFNPGGNSYLCVYGWTQSPLAEYYIVDSWGTYRPTGAYKGSFYADGGTYDIYETTRVNQPSIIGIATFKQYWSVRQTKRTSGTVSVSAHFRKWESLGMPMGKMYETAFTVEGYQSSGSANVMTNQLFIGN
Gen_153,Arnold_039,0,MLSIDTSSTRRVVPNTALFPNTHRRDFATAGQLLAMASAVLTGAPAHARTITNNEMGNHSGYDYELWKDYGNTSMTLNNGGAFSAGWNNIGNALFRKGKKFDSTRTHHQLGNISINYNASFNPGGNSYLCVYGWTQSPLAEYYIVDSWGTYRPTGAYKGSFYADGGTYDIYETTRVNQPSIIGIATFKQYWSVRQTKRTSGTVSVSAHFRKWESLGMPMGKMYETAFTVEGYQSSGSANVMTNQLFIGN
Gen_154,Arnold_039,0,MNISIFVGKLALAALGSALVARTITNNEMGNHSGYDYELWKDYGNTSMTLNNGGAFSAGWNNIGNALFRKGKKFDSTRTHHQLGNISINYNASFNPGGNSYLCVYGWTQSPLAEYYIVDSWGTYRPTGAYKGSFYADGGTYDIYETTRVNQPSIIGIATFKQYWSVRQTKRTSGTVSVSAHFRKWESLGMPMGKMYETAFTVEGYQSSGSANVMTNQLFIGN
Gen_095,Arnold_040,1,MVSFSSLNALFLATVLAATTITSNQTGTQDGYDYELWKDSGNTSMTLNSGGAFSAQWSNIGNALFRKGKKFDSTKTHSQLGNISINYNATFNPGGNSYLCVYGWTKDPLTEYYIVDNWGTYRPTGTPKGTFTVDGGTYDIYETTRINQPSIIGIATFKQYWSVRQTKRTSGTVSVSEHFKKWESLGMPMGKMYETALTVEGYQSNGSANVTANVLAISGKSF
Gen_096,Arnold_040,1,MKFQDLTLVLSLSTALAATTITSNQTGTQDGYDYELWKDSGNTSMTLNSGGAFSAQWSNIGNALFRKGKKFDSTKTHSQLGNISINYNATFNPGGNSYLCVYGWTKDPLTEYYIVDNWGTYRPTGTPKGTFTVDGGTYDIYETTRINQPSIIGIATFKQYWSVRQTKRTSGTVSVSEHFKKWESLGMPMGKMYETALTVEGYQSNGSANVTANVLAISGKSF
Gen_101,Arnold_040,1,MLKKLAMAVGAMLTSISFLLPSSAQAATTITSNQTGTQDGYDYELWKDSGNTSMTLNSGGAFSAQWSNIGNALFRKGKKFDSTKTHSQLGNISINYNATFNPGGNSYLCVYGWTKDPLTEYYIVDNWGTYRPTGTPKGTFTVDGGTYDIYETTRINQPSIIGIATFKQYWSVRQTKRTSGTVSVSEHFKKWESLGMPMGKMYETALTVEGYQSNGSANVTANVLAISGKSF
Gen_102,Arnold_040,1,MKKLLVIAALACGVATAQAATTITSNQTGTQDGYDYELWKDSGNTSMTLNSGGAFSAQWSNIGNALFRKGKKFDSTKTHSQLGNISINYNATFNPGGNSYLCVYGWTKDPLTEYYIVDNWGTYRPTGTPKGTFTVDGGTYDIYETTRINQPSIIGIATFKQYWSVRQTKRTSGTVSVSEHFKKWESLGMPMGKMYETALTVEGYQSNGSANVTANVLAISGKSF
Gen_103,Arnold_040,1,MIKTLLVSSILIPCLATGAATTITSNQTGTQDGYDYELWKDSGNTSMTLNSGGAFSAQWSNIGNALFRKGKKFDSTKTHSQLGNISINYNATFNPGGNSYLCVYGWTKDPLTEYYIVDNWGTYRPTGTPKGTFTVDGGTYDIYETTRINQPSIIGIATFKQYWSVRQTKRTSGTVSVSEHFKKWESLGMPMGKMYETALTVEGYQSNGSANVTANVLAISGKSF
Gen_157,Arnold_040,1,MKFLILATLSIFTGILAATTITSNQTGTQDGYDYELWKDSGNTSMTLNSGGAFSAQWSNIGNALFRKGKKFDSTKTHSQLGNISINYNATFNPGGNSYLCVYGWTKDPLTEYYIVDNWGTYRPTGTPKGTFTVDGGTYDIYETTRINQPSIIGIATFKQYWSVRQTKRTSGTVSVSEHFKKWESLGMPMGKMYETALTVEGYQSNGSANVTANVLAISGKSF
Gen_158,Arnold_040,1,MKVFTLAFFLAIIVSQAATTITSNQTGTQDGYDYELWKDSGNTSMTLNSGGAFSAQWSNIGNALFRKGKKFDSTKTHSQLGNISINYNATFNPGGNSYLCVYGWTKDPLTEYYIVDNWGTYRPTGTPKGTFTVDGGTYDIYETTRINQPSIIGIATFKQYWSVRQTKRTSGTVSVSEHFKKWESLGMPMGKMYETALTVEGYQSNGSANVTANVLAISGKSF
Gen_159,Arnold_040,1,MKKKIAITLLFLSLLNRAATTITSNQTGTQDGYDYELWKDSGNTSMTLNSGGAFSAQWSNIGNALFRKGKKFDSTKTHSQLGNISINYNATFNPGGNSYLCVYGWTKDPLTEYYIVDNWGTYRPTGTPKGTFTVDGGTYDIYETTRINQPSIIGIATFKQYWSVRQTKRTSGTVSVSEHFKKWESLGMPMGKMYETALTVEGYQSNGSANVTANVLAISGKSF
Gen_093,Arnold_040,0,MRAKALAASLAGALAGAASAATTITSNQTGTQDGYDYELWKDSGNTSMTLNSGGAFSAQWSNIGNALFRKGKKFDSTKTHSQLGNISINYNATFNPGGNSYLCVYGWTKDPLTEYYIVDNWGTYRPTGTPKGTFTVDGGTYDIYETTRINQPSIIGIATFKQYWSVRQTKRTSGTVSVSEHFKKWESLGMPMGKMYETALTVEGYQSNGSANVTANVLAISGKSF
Gen_094,Arnold_040,0,MVSLSFSLVASAVTHVASAATTITSNQTGTQDGYDYELWKDSGNTSMTLNSGGAFSAQWSNIGNALFRKGKKFDSTKTHSQLGNISINYNATFNPGGNSYLCVYGWTKDPLTEYYIVDNWGTYRPTGTPKGTFTVDGGTYDIYETTRINQPSIIGIATFKQYWSVRQTKRTSGTVSVSEHFKKWESLGMPMGKMYETALTVEGYQSNGSANVTANVLAISGKSF
Gen_104,Arnold_040,0,MGIQKKVSILVAGLFMATAFATAATTITSNQTGTQDGYDYELWKDSGNTSMTLNSGGAFSAQWSNIGNALFRKGKKFDSTKTHSQLGNISINYNATFNPGGNSYLCVYGWTKDPLTEYYIVDNWGTYRPTGTPKGTFTVDGGTYDIYETTRINQPSIIGIATFKQYWSVRQTKRTSGTVSVSEHFKKWESLGMPMGKMYETALTVEGYQSNGSANVTANVLAISGKSF
Gen_160,Arnold_040,0,MKLLKVIATAFLGLTSFASAATTITSNQTGTQDGYDYELWKDSGNTSMTLNSGGAFSAQWSNIGNALFRKGKKFDSTKTHSQLGNISINYNATFNPGGNSYLCVYGWTKDPLTEYYIVDNWGTYRPTGTPKGTFTVDGGTYDIYETTRINQPSIIGIATFKQYWSVRQTKRTSGTVSVSEHFKKWESLGMPMGKMYETALTVEGYQSNGSANVTANVLAISGKSF
